temperature,humidity,pressure,wind_speed,wind_direction,rain,cloudiness,description,condition_type,label
24.38,93,1010,1.54,200,0.0,72,0,0,aman
24.41,93,1011,1.32,201,0.0,55,0,0,aman
24.34,92,1010,1.47,207,0.0,60,0,0,aman
24.31,92,1009,1.53,213,0.0,61,0,0,aman
23.97,95,1009,1.61,212,0.0,59,0,0,aman
23.5,96,1008,1.15,202,0.0,31,1,0,aman
23.4,97,1008,1.03,199,0.0,24,2,0,aman
23.23,97,1008,1.12,213,0.0,22,2,0,aman
23.1,97,1009,1.24,220,0.0,40,1,0,aman
22.92,97,1009,0.94,231,0.0,53,0,0,aman
24.72,90,1010,1.44,229,0.0,51,0,0,aman
27.02,79,1011,2.18,212,0.0,51,0,0,aman
29.5,67,1011,2.58,209,0.0,26,1,0,aman
31.28,56,1010,2.97,211,0.0,43,1,0,aman
32.6,49,1009,3.13,206,0.0,52,0,0,aman
33.5,45,1008,3.19,202,0.0,44,1,0,aman
34.06,43,1007,3.39,198,0.0,41,1,0,aman
33.51,43,1006,3.9,190,0.0,30,1,0,aman
32.98,44,1006,3.42,190,0.0,99,3,0,aman
32.47,47,1006,2.48,180,0.0,57,0,0,aman
30.04,58,1006,2.47,170,0.0,67,0,0,aman
26.84,74,1007,2.08,172,0.0,55,0,0,aman
25.32,84,1008,1.49,183,0.0,49,1,0,aman
24.53,87,1009,1.18,201,0.0,51,0,0,aman
24.15,90,1010,0.91,209,0.0,74,0,0,aman
23.93,92,1010,0.92,204,0.0,68,0,0,aman
23.83,93,1010,0.78,221,0.0,55,0,0,aman
23.68,95,1009,0.76,216,0.0,45,1,0,aman
23.51,96,1008,0.94,211,0.0,45,1,0,aman
23.38,97,1008,1.02,203,0.0,45,1,0,aman
23.6,96,1008,0.98,205,0.0,94,3,0,aman
23.75,95,1008,0.99,191,0.0,97,3,0,aman
23.75,94,1009,0.79,200,0.0,98,3,0,aman
23.57,94,1009,0.88,197,0.0,99,3,0,aman
24.84,90,1010,0.62,229,0.0,99,3,0,aman
26.56,84,1011,1.18,226,0.0,99,3,0,aman
29.14,71,1010,1.64,211,0.0,100,3,0,aman
31.05,60,1010,1.91,205,0.0,100,3,0,aman
32.4,54,1009,2.4,197,0.0,98,3,0,aman
32.68,52,1008,3.09,191,0.0,96,3,0,aman
32.76,51,1007,2.71,190,0.0,95,3,0,aman
33.34,48,1005,2.08,188,0.0,97,3,0,aman
32.64,51,1005,2.48,176,0.0,98,3,0,aman
31.37,58,1005,2.44,164,0.0,99,3,0,aman
29.05,68,1005,2.16,158,0.0,99,3,0,aman
26.58,79,1006,1.63,149,0.0,99,3,0,aman
25.18,86,1007,1.28,165,0.0,91,3,0,aman
24.63,87,1008,1.3,172,0.0,99,3,0,aman
24.43,88,1009,1.18,181,0.0,100,3,0,aman
24.25,91,1009,1.11,191,0.0,96,3,0,aman
24.02,93,1009,1.08,178,0.0,72,0,0,aman
23.9,94,1008,0.98,188,0.0,75,0,0,aman
23.75,95,1007,0.95,193,0.0,76,0,0,aman
23.37,94,1007,1.1,191,0.0,63,0,0,aman
23.31,95,1007,1.07,195,0.0,44,1,0,aman
23.25,96,1007,0.95,184,0.0,29,1,0,aman
23.21,97,1008,0.89,189,0.0,22,2,0,aman
23.22,97,1009,0.95,195,0.0,22,2,0,aman
25.18,89,1010,1.13,197,0.13,26,4,1,aman
27.74,78,1010,1.69,198,0.0,61,0,0,aman
29.79,67,1011,1.83,199,0.18,77,4,1,aman
31.37,57,1010,2.26,193,0.0,72,0,0,aman
32.81,51,1009,2.34,194,0.0,59,0,0,aman
33.77,48,1008,2.4,189,0.0,55,0,0,aman
33.88,47,1006,2.93,182,0.0,61,0,0,aman
34.41,45,1005,2.99,179,0.0,39,1,0,aman
33.02,51,1005,2.95,174,0.0,80,0,0,aman
31.88,56,1005,2.95,171,0.0,69,0,0,aman
30.08,64,1006,2.87,170,0.0,54,0,0,aman
27.49,74,1007,2.39,168,0.0,46,1,0,aman
25.87,83,1008,1.64,174,0.0,41,1,0,aman
24.95,88,1009,0.81,156,0.0,36,1,0,aman
24.49,90,1009,0.91,184,0.0,52,0,0,aman
24.28,92,1010,0.64,154,0.0,67,0,0,aman
24.07,94,1010,0.58,176,0.11,78,4,1,aman
23.68,96,1009,0.79,178,0.79,83,4,1,aman
23.61,98,1008,1.2,178,0.11,85,4,1,aman
23.78,97,1008,1.47,174,0.0,81,0,0,aman
23.66,98,1008,1.32,177,0.0,65,0,0,aman
23.49,99,1008,1.11,204,0.24,78,4,1,aman
23.11,99,1009,0.72,233,0.83,85,4,1,aman
23.11,99,1010,0.95,236,0.64,89,4,1,aman
24.31,96,1011,0.99,240,0.0,91,3,0,aman
26.25,88,1011,1.43,223,0.0,81,0,0,aman
28.89,74,1011,1.67,221,0.0,100,3,0,aman
32.15,56,1011,1.74,211,0.0,58,0,0,aman
33.33,52,1010,1.59,195,0.19,42,4,1,aman
33.91,52,1009,0.79,175,0.56,47,4,1,aman
33.11,55,1008,1.63,140,0.34,51,4,1,aman
30.54,66,1007,2.03,136,0.21,58,4,1,aman
28.84,73,1006,2.17,147,0.15,99,4,1,aman
29.65,68,1007,2.36,159,0.12,89,4,1,aman
28.77,71,1007,2.18,159,0.0,73,0,0,aman
27.01,79,1008,1.97,151,0.0,68,0,0,aman
25.96,86,1009,1.45,153,0.0,66,0,0,aman
25.54,89,1010,1.13,152,0.0,64,0,0,aman
24.73,93,1010,1.08,176,0.0,35,1,0,aman
24.46,94,1011,0.78,186,0.0,34,1,0,aman
23.98,96,1010,0.66,171,0.49,53,4,1,aman
23.74,98,1010,0.67,194,0.0,61,0,0,aman
23.5,98,1009,0.42,198,0.52,68,4,1,aman
23.43,99,1009,0.57,208,0.18,74,4,1,aman
23.35,99,1009,0.59,227,0.42,74,4,1,aman
23.29,99,1009,0.65,234,0.46,87,4,1,aman
23.2,99,1010,0.6,232,0.36,91,4,1,aman
23.17,99,1010,0.51,225,0.15,90,4,1,aman
24.54,96,1011,0.85,239,0.15,92,4,1,aman
26.82,85,1012,1.34,224,0.0,91,3,0,aman
29.13,75,1012,1.4,203,0.25,77,4,1,aman
31.45,61,1011,1.73,197,0.0,63,0,0,aman
33.26,51,1010,1.7,197,0.0,47,1,0,aman
34.41,47,1009,1.68,207,0.0,42,1,0,aman
35.14,44,1008,1.58,204,0.0,43,1,0,aman
32.32,59,1007,1.66,157,0.31,55,4,1,aman
30.03,71,1006,1.41,133,0.18,100,4,1,aman
28.16,83,1006,1.52,117,0.71,90,4,1,aman
27.34,88,1007,1.45,127,0.42,93,4,1,aman
25.86,94,1007,1.23,126,0.0,92,3,0,aman
25.14,95,1008,1.28,115,0.0,91,3,0,aman
24.81,96,1009,1.16,122,0.0,67,0,0,aman
24.44,96,1010,1.13,122,0.62,4,4,1,aman
24.22,97,1010,1.0,140,0.49,4,4,1,aman
24.07,97,1010,0.87,126,0.2,4,4,1,aman
23.93,97,1010,0.41,118,0.0,6,5,2,aman
23.78,98,1009,0.34,119,0.0,8,5,2,aman
23.79,97,1009,0.21,127,0.0,26,1,0,aman
23.67,98,1009,0.47,143,0.0,99,3,0,aman
23.62,97,1009,0.57,77,0.0,99,3,0,aman
23.54,97,1009,0.36,88,0.11,100,4,1,aman
23.47,98,1010,0.15,132,0.25,100,4,1,aman
24.37,96,1011,0.33,265,0.96,100,4,1,waspada
25.96,91,1012,1.89,310,0.34,99,4,1,aman
28.12,79,1012,1.73,305,0.15,97,4,1,aman
31.07,63,1011,1.48,312,0.11,84,4,1,aman
32.78,55,1010,1.28,332,0.1,85,4,1,aman
30.47,74,1010,1.72,357,1.26,89,6,1,bahaya
30.33,72,1009,1.11,17,1.37,91,6,1,bahaya
30.85,70,1008,0.4,328,1.18,96,6,1,waspada
30.22,76,1007,0.08,192,1.47,97,6,1,bahaya
29.49,81,1007,0.12,339,1.42,99,6,1,bahaya
27.52,88,1008,0.6,18,1.46,93,6,1,bahaya
25.37,92,1009,0.69,29,0.56,88,4,1,aman
24.69,95,1009,0.95,49,0.12,91,4,1,aman
24.27,96,1010,1.03,35,0.88,92,4,1,waspada
24.36,96,1011,0.89,63,0.0,100,3,0,aman
24.14,96,1011,0.92,49,0.13,100,4,1,aman
24.13,96,1010,0.8,17,0.11,100,4,1,aman
24.04,97,1010,0.55,353,0.0,100,3,0,aman
23.79,98,1009,0.57,349,0.64,100,4,1,aman
23.67,98,1009,0.45,320,0.4,99,4,1,aman
23.48,98,1009,0.47,344,0.0,100,3,0,aman
23.37,98,1009,0.51,336,0.0,80,0,0,aman
23.3,98,1010,0.27,319,0.13,85,4,1,aman
23.25,98,1011,0.37,7,0.46,89,4,1,aman
24.44,96,1011,0.52,333,0.0,91,3,0,aman
25.56,91,1012,1.02,324,0.0,99,3,0,aman
27.46,82,1013,1.12,325,0.11,100,4,1,aman
30.43,66,1012,1.04,341,0.0,100,3,0,aman
32.01,58,1012,1.28,1,0.23,100,4,1,aman
31.61,63,1011,1.43,347,0.69,100,4,1,aman
32.05,62,1009,1.41,333,0.64,100,4,1,aman
33.08,52,1008,1.94,10,0.0,100,3,0,aman
31.58,59,1008,1.79,39,0.18,100,4,1,aman
31.57,60,1007,1.93,53,0.0,100,3,0,aman
29.6,70,1007,1.72,57,0.0,99,3,0,aman
26.75,82,1008,1.47,67,0.0,98,3,0,aman
25.65,86,1009,1.5,66,0.0,98,3,0,aman
25.22,86,1010,1.44,66,0.0,95,3,0,aman
25.43,86,1010,1.12,65,0.0,100,3,0,aman
25.36,88,1011,0.79,80,0.1,100,4,1,aman
25.03,90,1011,0.4,93,0.0,100,3,0,aman
24.14,95,1011,0.21,112,0.68,100,4,1,aman
24.09,96,1010,0.5,31,0.0,100,3,0,aman
24.06,97,1010,0.17,346,0.0,100,3,0,aman
23.77,94,1009,0.26,232,0.0,100,3,0,aman
23.71,94,1010,0.34,291,0.0,100,3,0,aman
23.61,95,1010,0.55,257,0.0,100,3,0,aman
23.55,95,1011,0.44,236,0.0,100,3,0,aman
25.35,88,1012,0.53,285,0.0,100,3,0,aman
27.95,75,1013,0.54,353,0.0,100,3,0,aman
30.14,66,1013,1.02,20,0.0,100,3,0,aman
32.21,56,1012,1.16,26,0.0,100,3,0,aman
33.78,49,1011,1.13,25,0.0,100,3,0,aman
33.17,53,1010,1.08,20,0.34,100,4,1,aman
31.18,62,1009,0.48,350,0.3,100,4,1,aman
30.0,73,1009,0.84,116,1.02,100,6,1,waspada
28.99,81,1008,1.11,156,1.12,100,6,1,waspada
28.13,85,1008,1.22,163,0.72,100,4,1,aman
26.88,90,1009,1.16,157,0.92,100,4,1,waspada
25.38,94,1010,1.13,161,0.4,100,4,1,aman
24.84,95,1011,0.92,140,0.44,100,4,1,aman
24.54,96,1011,1.08,121,0.21,100,4,1,aman
24.33,97,1011,1.09,111,0.0,100,3,0,aman
24.2,96,1011,1.09,104,0.0,100,3,0,aman
24.1,96,1011,0.99,102,0.0,100,3,0,aman
23.93,96,1011,0.77,91,0.0,100,3,0,aman
23.8,97,1010,0.37,66,0.0,100,3,0,aman
23.56,98,1009,0.19,118,0.0,100,3,0,aman
23.46,98,1009,0.43,162,0.0,100,3,0,aman
23.36,98,1009,0.22,167,0.0,91,3,0,aman
23.08,99,1010,0.31,293,0.98,88,4,1,waspada
23.02,99,1010,0.14,309,1.05,86,6,1,waspada
24.4,97,1011,0.08,319,0.23,84,4,1,aman
26.42,88,1012,0.42,349,0.0,83,0,0,aman
29.0,75,1012,0.48,356,0.43,62,4,1,aman
31.35,62,1012,0.78,19,0.27,60,4,1,aman
29.35,71,1011,1.01,20,0.2,73,4,1,aman
28.4,76,1010,0.83,31,0.29,79,4,1,aman
28.69,76,1009,0.28,349,0.8,83,4,1,aman
31.37,68,1008,0.55,329,1.1,78,6,1,waspada
29.56,79,1007,0.83,250,1.35,83,6,1,bahaya
27.32,90,1007,1.11,214,1.79,92,6,1,bahaya
26.2,92,1008,1.18,184,0.99,94,4,1,waspada
24.99,95,1008,0.97,166,0.14,96,4,1,aman
24.55,96,1009,0.76,146,0.0,97,3,0,aman
24.06,95,1010,0.68,121,0.25,93,4,1,aman
23.48,97,1011,0.61,162,0.79,100,4,1,aman
23.31,97,1011,0.61,186,0.54,99,4,1,aman
23.26,97,1011,0.3,186,0.0,98,3,0,aman
23.16,97,1010,0.44,193,0.0,98,3,0,aman
23.02,98,1010,0.59,185,0.14,98,4,1,aman
23.37,98,1009,0.85,212,0.2,100,4,1,aman
22.97,99,1009,0.75,239,2.15,100,6,1,bahaya
22.85,99,1009,0.69,272,1.94,100,6,1,bahaya
22.84,99,1010,0.62,258,1.44,100,6,1,bahaya
22.86,99,1010,0.71,240,0.85,100,4,1,waspada
23.71,97,1011,0.79,263,0.67,100,4,1,aman
25.19,92,1012,1.23,253,0.22,99,4,1,aman
26.46,88,1012,1.53,252,1.35,95,6,1,bahaya
26.44,90,1012,1.3,317,0.0,94,3,0,aman
27.41,87,1011,1.43,285,2.16,98,6,1,bahaya
27.73,85,1010,1.25,273,1.62,98,6,1,bahaya
28.54,80,1009,1.05,238,1.12,98,6,1,waspada
28.35,81,1008,1.31,200,1.15,98,6,1,waspada
27.04,90,1007,1.42,211,1.77,99,6,1,bahaya
26.39,92,1007,1.19,209,1.49,100,6,1,bahaya
25.79,93,1008,0.92,215,0.63,100,4,1,aman
24.48,95,1008,1.0,212,0.18,100,4,1,aman
24.12,96,1009,1.08,200,0.0,100,3,0,aman
24.04,97,1010,1.2,188,0.0,100,3,0,aman
23.98,96,1010,1.01,196,0.0,100,3,0,aman
24.02,96,1010,0.92,206,0.0,100,3,0,aman
23.96,96,1010,0.9,216,0.0,100,3,0,aman
23.86,96,1009,0.98,219,0.0,100,3,0,aman
23.71,97,1009,1.03,222,0.0,100,3,0,aman
23.59,97,1008,1.02,219,0.0,100,3,0,aman
23.2,98,1009,0.93,232,0.0,100,3,0,aman
23.16,98,1009,1.03,242,0.14,100,4,1,aman
23.16,98,1009,1.11,235,0.25,100,4,1,aman
23.18,97,1010,0.97,243,0.0,100,3,0,aman
23.48,97,1011,0.95,247,0.0,100,3,0,aman
24.11,95,1011,1.08,252,0.0,100,3,0,aman
25.38,88,1012,1.31,264,0.0,100,3,0,aman
28.46,71,1011,1.59,263,0.0,100,3,0,aman
31.74,56,1010,1.93,233,0.0,92,3,0,aman
32.18,54,1008,2.32,194,0.22,81,4,1,aman
29.95,70,1007,2.32,150,0.53,98,4,1,aman
28.61,75,1007,1.92,162,0.29,98,4,1,aman
27.78,79,1007,1.81,166,0.3,99,4,1,aman
25.37,88,1008,1.22,163,0.0,99,3,0,aman
24.46,92,1009,1.12,178,0.0,99,3,0,aman
24.12,94,1010,0.84,207,0.0,97,3,0,aman
24.04,94,1010,0.84,212,0.0,94,3,0,aman
23.88,95,1011,0.91,208,0.0,93,3,0,aman
23.51,96,1010,0.57,208,0.46,95,4,1,aman
23.21,98,1010,0.18,208,0.92,96,4,1,waspada
23.09,99,1009,0.55,270,0.76,97,4,1,aman
23.11,99,1008,0.24,235,0.76,95,4,1,aman
22.98,99,1008,0.63,301,0.84,100,4,1,aman
22.82,99,1009,0.84,305,1.44,100,6,1,bahaya
22.69,100,1009,0.9,314,1.51,100,6,1,bahaya
22.71,99,1010,0.89,302,0.82,100,4,1,aman
23.89,97,1011,0.8,302,0.3,100,4,1,aman
25.28,93,1012,1.41,305,0.39,100,4,1,aman
26.66,89,1012,1.71,299,1.06,100,6,1,waspada
28.91,74,1012,1.76,288,0.23,100,4,1,aman
31.54,59,1011,1.65,284,0.0,100,3,0,aman
33.01,51,1009,1.74,282,0.0,100,3,0,aman
33.86,49,1008,1.37,272,0.18,97,4,1,aman
32.87,51,1007,1.89,281,0.0,94,3,0,aman
28.68,73,1007,0.56,258,0.31,100,4,1,aman
27.96,78,1007,1.04,179,0.4,99,4,1,aman
28.09,83,1007,1.31,170,0.0,92,3,0,aman
25.74,92,1008,1.21,168,0.0,87,3,0,aman
24.86,95,1009,0.75,156,0.0,78,0,0,aman
24.57,95,1010,0.58,168,0.0,71,0,0,aman
24.36,95,1010,0.51,188,0.0,74,0,0,aman
24.17,96,1011,0.78,206,0.0,76,0,0,aman
23.98,96,1011,0.95,214,0.0,75,0,0,aman
23.8,96,1010,0.98,230,0.0,70,0,0,aman
23.64,97,1010,0.94,227,0.0,65,0,0,aman
23.54,97,1009,0.74,222,0.0,98,3,0,aman
23.25,98,1009,0.75,216,0.58,86,4,1,aman
22.98,99,1009,0.52,210,1.66,93,6,1,bahaya
22.8,99,1010,0.51,237,2.3,95,6,1,bahaya
22.77,99,1010,0.74,243,1.59,97,6,1,bahaya
23.78,98,1011,0.59,261,0.44,97,4,1,aman
25.79,90,1012,0.92,263,0.0,97,3,0,aman
28.46,76,1012,0.91,246,0.0,96,3,0,aman
30.93,63,1011,0.93,212,0.31,95,4,1,aman
31.04,65,1010,0.68,198,0.86,97,4,1,waspada
29.7,75,1010,0.47,190,1.46,98,6,1,bahaya
29.83,75,1009,1.1,207,0.82,98,4,1,aman
29.41,79,1008,0.95,204,1.6,98,6,1,bahaya
28.88,81,1008,0.52,195,1.77,100,6,1,bahaya
28.63,84,1007,0.21,196,0.79,100,4,1,aman
28.02,87,1007,0.39,136,0.28,96,4,1,aman
25.76,92,1008,0.6,117,0.17,82,4,1,aman
25.0,94,1009,0.53,115,0.0,71,0,0,aman
24.23,96,1010,1.03,154,0.27,50,4,1,aman
23.96,97,1011,0.88,158,0.15,5,4,1,aman
23.8,97,1011,0.88,169,0.0,9,5,2,aman
23.66,97,1011,0.8,179,0.0,11,2,0,aman
23.52,97,1010,0.79,194,0.0,14,2,0,aman
23.41,97,1009,0.52,183,0.0,18,2,0,aman
23.14,97,1009,0.14,159,0.0,18,2,0,aman
23.03,97,1009,0.04,159,0.0,29,1,0,aman
22.95,97,1009,0.33,254,0.0,52,0,0,aman
22.87,98,1010,0.37,278,0.0,54,0,0,aman
22.84,98,1011,0.56,313,0.0,43,1,0,aman
24.48,92,1011,0.44,275,0.0,37,1,0,aman
26.93,82,1012,1.01,279,0.0,43,1,0,aman
29.48,70,1012,1.16,254,0.15,63,4,1,aman
31.61,60,1011,1.19,246,0.0,80,0,0,aman
31.96,61,1010,0.76,273,0.68,86,4,1,aman
31.53,65,1009,1.1,319,0.73,83,4,1,aman
33.2,56,1008,0.93,282,0.15,81,4,1,aman
30.86,68,1007,0.61,117,0.18,78,4,1,aman
28.94,79,1007,1.0,138,0.57,100,4,1,aman
27.71,89,1007,1.25,127,1.17,99,6,1,waspada
27.4,91,1007,1.22,121,0.61,92,4,1,aman
25.61,95,1008,1.02,118,0.21,92,4,1,aman
24.87,96,1009,0.97,106,0.0,93,3,0,aman
24.33,97,1010,0.82,86,0.6,94,4,1,aman
23.69,97,1011,0.51,96,0.72,100,4,1,aman
23.66,97,1011,0.26,97,0.33,97,4,1,aman
23.55,97,1011,0.13,83,0.13,97,4,1,aman
23.48,98,1010,0.2,179,0.0,94,3,0,aman
23.4,98,1010,0.13,175,0.0,93,3,0,aman
23.32,98,1009,0.09,233,0.0,91,3,0,aman
23.21,98,1009,0.1,304,0.0,100,3,0,aman
23.18,98,1009,0.1,29,0.0,99,3,0,aman
23.12,98,1009,0.13,321,0.0,95,3,0,aman
23.08,98,1010,0.17,297,0.0,96,3,0,aman
24.53,95,1011,0.14,283,0.0,97,3,0,aman
26.31,92,1011,0.42,132,1.2,87,6,1,bahaya
27.72,87,1011,0.83,93,1.81,15,6,1,bahaya
29.63,73,1011,0.91,87,0.41,50,4,1,aman
31.71,62,1010,0.86,85,0.33,40,4,1,aman
29.65,77,1010,1.08,60,1.73,47,6,1,bahaya
30.46,72,1009,0.68,86,0.97,55,4,1,waspada
30.05,74,1008,1.02,110,1.12,60,6,1,waspada
30.57,70,1007,1.06,132,0.59,34,4,1,aman
30.75,66,1007,1.14,130,0.2,34,4,1,aman
29.7,73,1007,1.03,117,0.0,32,1,0,aman
26.6,85,1008,0.88,107,0.0,27,1,0,aman
25.52,88,1009,0.92,93,0.0,26,1,0,aman
24.84,90,1010,0.91,85,0.0,37,1,0,aman
24.39,92,1011,0.82,73,0.16,90,4,1,aman
24.19,93,1011,0.38,84,0.23,93,4,1,aman
23.98,94,1011,0.37,25,0.0,95,3,0,aman
23.78,95,1010,0.11,89,0.0,94,3,0,aman
23.62,95,1010,0.12,342,0.2,95,4,1,aman
23.52,96,1009,0.15,209,0.11,93,4,1,aman
23.35,97,1009,0.15,297,0.11,83,4,1,aman
23.25,97,1009,0.32,349,0.0,76,0,0,aman
23.21,97,1009,0.48,7,0.0,67,0,0,aman
23.2,97,1010,0.46,343,0.0,67,0,0,aman
24.75,93,1011,0.28,332,0.0,70,0,0,aman
26.5,88,1011,0.95,353,0.57,86,4,1,aman
28.04,82,1011,1.17,20,1.44,100,6,1,bahaya
29.5,72,1011,1.41,55,0.6,100,4,1,aman
32.1,57,1010,1.42,70,0.26,100,4,1,aman
31.89,58,1009,1.26,103,0.36,100,4,1,aman
31.07,64,1008,1.46,134,0.66,100,4,1,aman
30.31,68,1007,1.87,134,0.71,98,4,1,aman
30.26,70,1007,1.45,128,0.6,55,4,1,aman
29.76,72,1006,1.26,120,0.43,50,4,1,aman
28.97,77,1007,1.18,99,0.19,44,4,1,aman
26.26,87,1007,0.99,85,0.0,40,1,0,aman
25.22,90,1008,1.01,80,0.0,37,1,0,aman
24.58,91,1009,1.1,73,0.0,24,2,0,aman
24.36,92,1010,1.07,98,0.0,50,1,0,aman
24.27,92,1010,0.5,120,0.16,60,4,1,aman
24.17,93,1010,0.54,154,0.3,52,4,1,aman
24.01,94,1009,0.62,197,0.25,48,4,1,aman
23.33,98,1009,0.35,267,2.07,56,6,1,bahaya
23.03,95,1009,0.75,253,1.15,70,6,1,waspada
22.84,96,1008,0.88,239,1.28,100,6,1,bahaya
22.42,99,1009,0.76,232,2.53,100,6,1,bahaya
22.42,99,1009,0.56,201,1.06,100,6,1,waspada
22.47,99,1009,0.55,218,0.83,100,4,1,aman
23.75,97,1010,0.2,238,0.0,100,3,0,aman
25.62,89,1011,0.21,231,0.0,98,3,0,aman
28.48,76,1011,0.08,118,0.0,98,3,0,aman
31.55,61,1011,0.7,56,0.0,99,3,0,aman
33.29,53,1010,0.83,37,0.0,98,3,0,aman
32.3,59,1008,0.63,110,0.55,98,4,1,aman
30.36,73,1008,1.16,184,1.05,97,6,1,waspada
28.36,85,1008,1.2,152,2.89,100,6,1,bahaya
27.93,87,1007,1.05,145,2.67,100,6,1,bahaya
27.64,90,1007,0.41,137,1.69,100,6,1,bahaya
26.78,94,1007,0.38,153,0.5,100,4,1,aman
25.41,95,1008,0.31,95,0.16,100,4,1,aman
24.83,96,1008,0.34,137,0.0,100,3,0,aman
24.37,97,1009,0.06,321,0.25,100,4,1,aman
23.92,98,1010,0.35,88,1.13,100,6,1,waspada
23.75,98,1010,0.2,124,1.54,95,6,1,bahaya
23.73,98,1010,0.15,274,0.1,95,4,1,aman
23.63,98,1009,0.17,178,0.0,92,3,0,aman
23.51,98,1009,0.08,15,0.0,90,3,0,aman
23.39,98,1009,0.32,135,0.0,88,3,0,aman
23.4,98,1009,0.27,139,0.0,100,3,0,aman
23.41,98,1009,0.39,158,0.0,99,3,0,aman
23.15,98,1009,0.25,141,0.0,90,3,0,aman
23.1,98,1010,0.37,144,0.0,93,3,0,aman
24.32,96,1011,0.45,141,0.17,94,4,1,aman
26.51,87,1011,0.65,191,0.19,83,4,1,aman
28.27,80,1011,0.81,163,1.02,85,6,1,waspada
29.6,72,1011,1.06,162,0.31,92,4,1,aman
32.08,59,1010,1.04,169,0.0,81,0,0,aman
31.63,63,1009,1.62,150,0.61,80,4,1,aman
30.06,78,1008,1.41,155,1.44,81,6,1,bahaya
29.23,82,1007,0.8,173,2.07,81,6,1,bahaya
27.63,89,1006,0.15,357,2.33,98,6,1,bahaya
26.15,94,1006,0.81,333,1.23,91,6,1,bahaya
26.1,94,1007,0.61,340,0.51,84,4,1,aman
24.88,96,1007,0.06,133,0.27,77,4,1,aman
24.36,97,1008,0.51,161,0.11,80,4,1,aman
24.45,97,1010,1.01,150,0.0,69,0,0,aman
24.08,97,1010,0.74,149,0.38,74,4,1,aman
23.89,97,1010,0.51,166,0.53,74,4,1,aman
23.73,98,1010,0.53,187,0.0,80,0,0,aman
23.58,98,1009,0.53,190,0.0,85,3,0,aman
23.43,98,1008,0.46,183,0.0,87,3,0,aman
23.16,99,1008,0.28,190,0.38,74,4,1,aman
23.0,99,1008,0.27,148,0.73,45,4,1,aman
22.96,99,1008,0.37,176,0.23,48,4,1,aman
22.95,99,1009,0.5,193,0.0,52,0,0,aman
22.97,99,1009,0.33,189,0.0,58,0,0,aman
24.27,97,1010,0.22,197,0.0,59,0,0,aman
26.84,87,1010,0.47,203,0.0,58,0,0,aman
29.66,72,1010,0.58,209,0.0,27,1,0,aman
32.15,59,1010,0.44,203,0.0,34,1,0,aman
33.95,51,1009,0.48,203,0.0,36,1,0,aman
34.2,51,1007,1.23,159,0.2,40,4,1,aman
31.93,62,1007,2.08,136,0.59,44,4,1,aman
27.92,86,1006,1.49,118,1.35,50,6,1,bahaya
28.98,83,1006,0.98,122,1.52,70,6,1,bahaya
28.77,86,1006,0.69,119,1.52,69,6,1,bahaya
27.65,90,1007,0.77,93,1.2,70,6,1,bahaya
25.26,94,1007,0.78,96,0.67,78,4,1,aman
24.58,96,1008,0.78,104,0.0,82,0,0,aman
23.99,97,1009,0.86,110,0.65,95,4,1,aman
23.71,98,1010,0.72,108,0.62,75,4,1,aman
23.36,98,1010,0.36,114,1.08,72,6,1,waspada
23.41,98,1010,0.38,56,0.35,77,4,1,aman
23.29,98,1009,0.32,66,0.18,69,4,1,aman
23.23,98,1008,0.06,188,0.0,72,0,0,aman
23.17,98,1008,0.18,292,0.0,58,0,0,aman
23.05,99,1008,0.06,197,0.0,49,1,0,aman
22.96,99,1008,0.11,220,0.0,44,1,0,aman
22.91,99,1008,0.27,282,0.0,60,0,0,aman
22.9,98,1009,0.27,310,0.0,66,0,0,aman
24.14,96,1010,0.05,242,0.0,73,0,0,aman
25.81,91,1010,0.09,355,0.0,81,0,0,aman
26.89,87,1010,0.17,140,0.69,100,4,1,aman
29.13,74,1010,0.4,39,0.4,100,4,1,aman
31.16,62,1009,1.34,31,0.24,100,4,1,aman
30.47,69,1008,1.47,35,0.92,100,4,1,waspada
28.95,83,1008,1.55,48,1.87,100,6,1,bahaya
28.41,85,1007,1.44,49,2.33,99,6,1,bahaya
28.67,82,1006,0.99,75,2.59,90,6,1,bahaya
29.13,78,1006,0.73,97,0.82,85,4,1,aman
28.2,84,1006,0.82,103,0.62,77,4,1,aman
25.61,91,1007,0.8,76,0.17,70,4,1,aman
24.74,93,1008,0.94,67,0.0,68,0,0,aman
24.39,94,1009,0.9,52,0.0,62,0,0,aman
24.22,94,1010,0.81,51,0.0,43,1,0,aman
24.05,95,1010,0.43,33,0.0,68,0,0,aman
23.89,95,1010,0.51,14,0.0,66,0,0,aman
23.78,96,1009,0.33,58,0.0,63,0,0,aman
23.55,98,1009,0.21,21,0.18,53,4,1,aman
23.28,95,1008,0.14,269,0.0,59,0,0,aman
23.19,96,1008,0.26,314,0.0,16,2,0,aman
23.12,96,1008,0.22,316,0.0,46,1,0,aman
23.08,97,1008,0.26,338,0.0,64,0,0,aman
23.1,97,1009,0.27,10,0.0,73,0,0,aman
24.82,91,1009,0.33,339,0.0,78,0,0,aman
27.29,81,1010,0.78,12,0.0,81,0,0,aman
29.77,68,1010,1.13,4,0.0,93,3,0,aman
31.35,59,1010,1.59,25,0.0,84,0,0,aman
33.12,51,1009,1.37,26,0.0,78,0,0,aman
33.88,48,1008,1.43,40,0.12,82,4,1,aman
33.38,49,1006,1.13,55,0.0,86,3,0,aman
32.61,55,1005,0.99,68,0.0,88,3,0,aman
32.25,56,1005,1.48,66,0.0,90,3,0,aman
30.13,67,1005,1.36,79,0.15,90,4,1,aman
29.2,73,1005,1.49,87,0.0,72,0,0,aman
25.36,88,1007,1.27,75,0.0,48,1,0,aman
24.94,90,1008,1.16,69,0.0,42,1,0,aman
24.69,90,1009,1.05,76,0.0,29,1,0,aman
24.42,92,1009,0.76,104,0.21,68,4,1,aman
24.28,93,1008,0.64,85,0.0,71,0,0,aman
23.93,95,1007,0.61,69,0.18,66,4,1,aman
23.58,97,1007,0.24,341,0.18,67,4,1,aman
23.49,97,1007,0.33,318,0.0,82,0,0,aman
23.38,98,1007,0.16,324,0.21,79,4,1,aman
23.33,98,1007,0.42,39,0.0,84,0,0,aman
23.35,98,1008,0.5,43,0.0,88,3,0,aman
24.77,94,1009,0.35,1,0.0,90,3,0,aman
26.1,92,1010,0.51,20,1.26,91,6,1,bahaya
26.89,89,1010,0.65,61,2.2,100,6,1,bahaya
27.31,88,1010,1.07,74,1.42,100,6,1,bahaya
27.33,87,1009,0.98,75,0.51,99,4,1,aman
26.63,91,1009,0.98,109,0.41,99,4,1,aman
26.24,92,1008,1.3,126,0.19,99,4,1,aman
26.63,88,1007,1.22,128,0.0,100,3,0,aman
28.02,79,1006,1.03,113,0.0,100,3,0,aman
28.04,79,1006,0.96,103,0.0,100,3,0,aman
27.04,85,1006,0.85,130,0.0,100,3,0,aman
25.81,90,1006,0.65,101,0.0,100,3,0,aman
25.35,91,1007,0.91,82,0.0,100,3,0,aman
24.67,89,1008,1.01,51,0.0,94,3,0,aman
24.41,90,1009,0.84,63,0.0,94,3,0,aman
24.29,90,1009,0.65,57,0.0,97,3,0,aman
24.12,91,1009,0.42,64,0.0,98,3,0,aman
23.98,92,1008,0.27,62,0.0,95,3,0,aman
23.85,93,1007,0.21,67,0.0,89,3,0,aman
23.48,95,1007,0.12,224,0.0,80,0,0,aman
23.29,97,1006,0.25,350,0.21,49,4,1,aman
23.23,97,1006,0.52,5,0.0,69,0,0,aman
23.23,97,1007,0.63,27,0.0,75,0,0,aman
23.28,97,1008,0.33,16,0.0,81,0,0,aman
24.89,91,1008,0.32,356,0.0,84,0,0,aman
26.81,85,1009,0.83,5,0.31,96,4,1,aman
28.48,77,1009,1.07,18,0.71,100,4,1,aman
29.5,73,1009,1.3,52,1.31,100,6,1,bahaya
29.2,76,1008,1.29,67,1.39,100,6,1,bahaya
29.37,75,1007,1.1,64,1.23,100,6,1,bahaya
29.82,73,1006,1.03,77,1.08,100,6,1,waspada
30.38,71,1005,0.95,98,0.97,100,4,1,waspada
30.81,67,1005,1.19,64,0.44,100,4,1,aman
30.18,69,1005,1.47,67,0.3,98,4,1,aman
28.36,80,1005,1.63,69,0.36,78,4,1,aman
25.7,89,1006,1.18,75,0.2,70,4,1,aman
24.95,92,1007,1.21,66,0.0,70,0,0,aman
24.67,93,1008,1.02,60,0.0,75,0,0,aman
24.3,94,1009,0.71,48,0.0,100,3,0,aman
24.09,95,1009,0.44,44,0.0,89,3,0,aman
23.97,95,1009,0.44,44,0.0,92,3,0,aman
23.87,96,1008,0.59,33,0.0,94,3,0,aman
23.82,96,1008,0.6,11,0.0,95,3,0,aman
23.73,96,1007,0.59,356,0.0,96,3,0,aman
23.61,97,1007,0.79,352,0.14,100,4,1,aman
23.37,98,1007,0.78,358,0.51,93,4,1,aman
23.38,99,1008,0.72,8,0.54,95,4,1,aman
23.31,99,1008,0.55,360,0.89,97,4,1,waspada
24.4,97,1009,0.42,350,0.34,97,4,1,aman
25.96,91,1009,0.71,7,0.31,97,4,1,aman
26.82,91,1010,0.9,32,0.9,100,4,1,waspada
31.79,59,1008,1.92,49,0.0,89,3,0,aman
31.51,63,1007,2.16,60,0.64,90,4,1,aman
31.52,64,1006,1.97,58,0.73,91,4,1,aman
31.28,67,1005,1.72,62,0.76,98,4,1,aman
30.62,70,1005,1.68,79,0.77,100,4,1,aman
29.67,77,1005,1.52,82,0.76,100,4,1,aman
27.99,84,1005,1.4,81,0.56,94,4,1,aman
25.52,93,1006,1.14,67,0.25,95,4,1,aman
24.84,94,1007,0.91,62,0.0,96,3,0,aman
24.54,95,1008,0.71,67,0.0,97,3,0,aman
24.13,95,1009,0.66,28,0.0,100,3,0,aman
23.97,95,1009,0.45,13,0.0,100,3,0,aman
23.83,96,1009,0.36,5,0.0,100,3,0,aman
23.62,97,1008,0.42,344,0.18,98,4,1,aman
23.47,98,1008,0.64,331,0.54,96,4,1,aman
23.37,98,1008,0.81,343,0.45,96,4,1,aman
23.22,98,1008,0.68,328,0.74,100,4,1,aman
23.36,99,1007,0.64,6,0.92,100,4,1,waspada
23.4,98,1008,0.71,15,0.44,100,4,1,aman
23.4,98,1008,0.72,14,0.15,100,4,1,aman
23.82,98,1009,0.72,353,0.26,100,4,1,aman
24.47,96,1010,1.46,8,0.77,100,4,1,aman
24.29,97,1010,1.18,20,1.62,100,6,1,bahaya
24.1,98,1010,0.98,15,0.66,100,4,1,aman
24.27,98,1009,1.24,355,0.24,100,4,1,aman
24.42,98,1009,1.09,343,0.19,100,4,1,aman
24.76,96,1008,1.22,338,0.0,100,3,0,aman
25.5,91,1007,1.17,344,0.0,100,3,0,aman
27.56,79,1006,1.08,4,0.0,100,3,0,aman
27.98,76,1006,0.71,26,0.0,100,3,0,aman
27.64,80,1006,0.35,61,0.0,100,3,0,aman
25.44,90,1006,0.38,88,0.0,100,3,0,aman
24.55,94,1007,0.48,69,0.0,99,3,0,aman
24.15,95,1008,0.62,47,0.0,96,3,0,aman
23.99,96,1009,0.64,13,0.0,95,3,0,aman
23.78,96,1009,0.77,5,0.0,97,3,0,aman
23.61,97,1009,0.73,359,0.0,98,3,0,aman
23.49,97,1008,0.8,344,0.0,99,3,0,aman
23.35,97,1008,0.95,329,0.14,99,4,1,aman
23.01,98,1007,0.85,332,0.49,89,4,1,aman
22.99,98,1007,0.84,342,0.39,100,4,1,aman
22.8,98,1007,0.87,343,0.0,100,3,0,aman
22.79,98,1007,0.88,340,0.0,100,3,0,aman
22.73,98,1008,0.84,339,0.0,99,3,0,aman
24.08,92,1009,0.7,338,0.0,100,3,0,aman
23.85,94,1010,0.86,16,0.0,100,3,0,aman
24.04,94,1010,0.89,9,0.0,100,3,0,aman
24.29,93,1010,1.06,2,0.0,100,3,0,aman
24.55,92,1009,1.15,2,0.0,100,3,0,aman
24.7,92,1008,1.0,350,0.0,100,3,0,aman
25.44,88,1007,1.17,345,0.0,100,3,0,aman
30.27,63,1006,1.84,4,0.0,97,3,0,aman
30.9,59,1005,1.81,15,0.0,86,3,0,aman
30.59,60,1005,1.67,28,0.0,75,0,0,aman
29.3,69,1005,1.41,39,0.0,62,0,0,aman
26.01,83,1005,1.18,48,0.0,60,0,0,aman
24.83,89,1006,1.11,57,0.0,56,0,0,aman
24.23,93,1007,1.04,45,0.0,62,0,0,aman
24.05,95,1008,0.88,46,0.0,17,2,0,aman
29.54,77,1008,0.74,197,1.54,98,6,1,bahaya
30.2,76,1007,0.11,192,1.47,97,6,1,bahaya
26.88,90,1007,1.15,211,1.65,95,6,1,bahaya
24.05,97,1007,0.83,315,1.36,96,6,1,bahaya
26.53,90,1009,0.54,19,1.32,91,6,1,bahaya
29.57,76,1009,0.69,196,1.52,98,6,1,bahaya
28.93,80,1010,0.99,72,1.76,35,6,1,bahaya
29.1,78,1008,1.4,59,1.59,100,6,1,bahaya
26.64,90,1007,1.33,210,1.76,98,6,1,bahaya
22.94,98,1010,0.78,243,1.58,96,6,1,bahaya
28.16,86,1007,0.98,147,2.55,100,6,1,bahaya
27.55,87,1008,0.63,18,1.46,93,6,1,bahaya
26.78,90,1007,1.07,215,1.87,92,6,1,bahaya
26.0,90,1010,1.18,20,1.54,100,6,1,bahaya
28.58,84,1006,1.17,120,1.46,62,6,1,bahaya
27.72,89,1007,0.59,139,1.96,100,6,1,bahaya
27.62,86,1008,0.71,18,1.46,94,6,1,bahaya
28.22,81,1008,0.89,62,1.68,100,6,1,bahaya
27.79,85,1008,1.04,74,1.83,96,6,1,bahaya
22.92,99,1009,0.7,246,1.85,100,6,1,bahaya
27.05,87,1010,1.37,282,2.1,98,6,1,bahaya
28.85,83,1006,0.96,122,1.52,70,6,1,bahaya
27.61,89,1006,0.16,356,2.31,97,6,1,bahaya
29.17,80,1008,1.45,349,1.25,89,6,1,bahaya
28.76,84,1007,0.87,145,1.57,91,6,1,bahaya
25.34,91,1011,1.25,253,1.38,96,6,1,bahaya
23.62,96,1009,0.9,241,2.0,99,6,1,bahaya
29.29,75,1008,1.29,62,1.36,100,6,1,bahaya
27.96,82,1010,1.08,19,1.44,98,6,1,bahaya
28.87,82,1008,1.52,45,1.83,100,6,1,bahaya
26.35,91,1009,0.53,19,1.3,91,6,1,bahaya
27.44,90,1007,0.4,136,1.68,99,6,1,bahaya
27.65,84,1008,0.83,205,1.62,96,6,1,bahaya
27.87,85,1007,0.76,202,1.48,98,6,1,bahaya
29.45,73,1008,1.22,57,1.28,100,6,1,bahaya
29.35,79,1007,0.88,250,1.35,83,6,1,bahaya
22.77,99,1010,0.71,242,1.69,96,6,1,bahaya
27.1,90,1007,1.09,214,1.82,92,6,1,bahaya
27.68,89,1006,0.77,93,1.21,69,6,1,bahaya
22.74,99,1009,0.88,310,1.48,100,6,1,bahaya
22.84,96,1008,0.83,242,1.31,100,6,1,bahaya
29.5,80,1007,0.14,339,1.42,98,6,1,bahaya
25.92,89,1011,1.43,250,1.34,95,6,1,bahaya
29.1,80,1008,0.69,198,1.7,99,6,1,bahaya
26.06,91,1009,1.32,30,1.72,100,6,1,bahaya
28.74,86,1006,0.71,118,1.51,68,6,1,bahaya
27.13,88,1009,0.77,59,2.22,99,6,1,bahaya
25.88,89,1011,1.39,255,1.45,95,6,1,bahaya
27.02,90,1008,0.41,134,1.46,93,6,1,bahaya
28.42,86,1006,1.02,118,1.45,61,6,1,bahaya
29.02,81,1008,1.48,53,1.74,100,6,1,bahaya
29.38,74,1007,1.11,63,1.23,100,6,1,bahaya
29.89,76,1009,1.6,353,1.26,89,6,1,bahaya
27.28,87,1009,0.82,58,2.14,100,6,1,bahaya
28.98,83,1006,0.98,121,1.52,70,6,1,bahaya
26.89,88,1010,0.65,61,2.2,100,6,1,bahaya
28.18,83,1009,1.14,250,1.35,88,6,1,bahaya
29.25,75,1008,1.33,51,1.55,99,6,1,bahaya
29.49,73,1008,1.29,52,1.31,100,6,1,bahaya
27.41,89,1006,0.25,353,2.16,96,6,1,bahaya
22.85,99,1009,0.67,268,1.82,100,6,1,bahaya
27.8,88,1007,0.76,141,2.23,100,6,1,bahaya
29.81,77,1007,0.25,194,1.51,97,6,1,bahaya
29.48,79,1007,0.85,251,1.36,83,6,1,bahaya
26.67,87,1009,1.15,18,1.52,96,6,1,bahaya
29.59,76,1009,1.08,60,1.62,59,6,1,bahaya
27.51,85,1007,0.67,255,1.59,74,6,1,bahaya
24.71,93,1010,0.86,263,1.51,99,6,1,bahaya
24.91,93,1009,0.67,269,1.91,71,6,1,bahaya
22.7,99,1009,0.89,312,1.5,100,6,1,bahaya
28.12,86,1007,0.94,147,2.5,100,6,1,bahaya
27.11,88,1010,0.87,67,1.79,100,6,1,bahaya
22.84,99,1009,0.64,261,1.55,100,6,1,bahaya
26.06,87,1007,0.86,244,1.31,91,6,1,bahaya
28.82,82,1008,1.49,43,1.81,100,6,1,bahaya
28.89,84,1006,0.85,120,1.52,69,6,1,bahaya
24.89,95,1008,0.78,211,1.72,92,6,1,bahaya
22.78,99,1010,0.73,244,1.57,97,6,1,bahaya
25.76,90,1009,1.02,272,1.75,98,6,1,bahaya
28.48,84,1007,1.45,48,2.27,99,6,1,bahaya
22.76,99,1009,0.74,242,1.62,97,6,1,bahaya
28.78,83,1008,1.25,152,2.53,95,6,1,bahaya
29.21,78,1007,1.27,57,1.47,100,6,1,bahaya
23.87,96,1008,0.86,226,2.31,97,6,1,bahaya
25.71,93,1010,0.65,20,1.34,92,6,1,bahaya
29.77,75,1009,0.42,190,1.46,97,6,1,bahaya
28.03,82,1010,1.16,19,1.44,99,6,1,bahaya
25.42,93,1009,0.98,19,1.56,97,6,1,bahaya
25.96,88,1009,1.2,326,1.37,95,6,1,bahaya
27.81,86,1008,1.13,53,2.28,99,6,1,bahaya
28.47,80,1008,1.09,68,1.31,100,6,1,bahaya
28.57,82,1006,0.97,76,2.46,88,6,1,bahaya
29.11,80,1007,0.55,198,1.57,97,6,1,bahaya
25.36,91,1009,0.98,272,1.78,98,6,1,bahaya
28.55,84,1007,1.11,156,2.71,95,6,1,bahaya
25.79,90,1010,1.0,267,1.55,98,6,1,bahaya
27.15,88,1010,0.91,69,1.71,100,6,1,bahaya
29.03,81,1008,1.52,48,1.79,100,6,1,bahaya
22.96,98,1010,0.78,243,1.58,96,6,1,bahaya
22.8,99,1009,0.74,242,1.67,97,6,1,bahaya
29.16,76,1007,1.27,67,1.48,99,6,1,bahaya
27.1,88,1010,0.86,67,1.82,100,6,1,bahaya
27.2,88,1010,0.96,70,1.62,100,6,1,bahaya
22.82,97,1008,0.71,238,1.75,97,6,1,bahaya
29.25,81,1007,0.81,172,2.06,81,6,1,bahaya
26.23,88,1008,0.67,243,1.82,88,6,1,bahaya
22.93,98,1008,0.79,239,1.86,100,6,1,bahaya
29.71,77,1007,0.63,199,1.55,97,6,1,bahaya
26.93,89,1007,0.85,139,2.4,98,6,1,bahaya
25.89,94,1006,0.82,331,1.25,91,6,1,bahaya
29.36,74,1008,1.32,51,1.44,99,6,1,bahaya
23.42,98,1008,0.61,209,1.64,93,6,1,bahaya
26.94,90,1007,1.39,210,1.73,99,6,1,bahaya
24.48,95,1009,0.31,123,1.54,91,6,1,bahaya
22.8,99,1009,0.72,253,1.72,98,6,1,bahaya
26.84,87,1009,1.15,272,1.68,98,6,1,bahaya
26.74,87,1010,1.17,20,1.5,100,6,1,bahaya
23.53,94,1007,0.87,240,1.29,98,6,1,bahaya
28.29,84,1007,1.17,207,1.68,98,6,1,bahaya
25.26,91,1011,1.25,258,1.55,96,6,1,bahaya
29.32,78,1010,1.04,65,1.74,41,6,1,bahaya
26.97,88,1010,0.73,63,2.05,100,6,1,bahaya
26.33,93,1006,0.85,333,1.23,90,6,1,bahaya
28.81,80,1006,1.04,71,2.37,91,6,1,bahaya
27.78,86,1009,1.01,99,1.68,24,6,1,bahaya
25.86,93,1010,0.38,130,1.26,88,6,1,bahaya
27.07,88,1009,0.73,59,2.17,100,6,1,bahaya
25.02,93,1009,1.17,19,1.59,98,6,1,bahaya
27.75,87,1008,0.72,126,1.37,77,6,1,bahaya
23.98,95,1009,0.59,263,1.92,64,6,1,bahaya
28.52,85,1007,0.77,143,1.6,93,6,1,bahaya
29.09,77,1007,1.15,63,1.95,95,6,1,bahaya
28.48,80,1008,1.09,65,1.64,100,6,1,bahaya
29.99,78,1008,1.4,154,1.5,81,6,1,bahaya
27.78,88,1007,0.57,140,1.93,100,6,1,bahaya
25.31,93,1008,0.52,131,1.96,96,6,1,bahaya
22.79,99,1009,0.74,242,1.64,97,6,1,bahaya
28.69,83,1008,1.44,49,1.91,100,6,1,bahaya
28.91,81,1007,0.54,193,1.79,98,6,1,bahaya
28.91,80,1008,0.55,195,1.76,99,6,1,bahaya
25.44,91,1011,1.31,249,1.42,95,6,1,bahaya
29.31,79,1008,0.87,202,1.63,98,6,1,bahaya
30.09,75,1007,0.18,191,1.47,97,6,1,bahaya
28.98,80,1008,0.6,196,1.74,99,6,1,bahaya
22.72,99,1009,0.89,312,1.5,100,6,1,bahaya
24.87,96,1007,0.84,325,1.33,94,6,1,bahaya
29.14,80,1008,0.73,199,1.69,99,6,1,bahaya
29.86,78,1008,0.73,345,1.36,95,6,1,bahaya
29.48,76,1009,1.16,62,1.6,66,6,1,bahaya
28.78,80,1007,1.37,57,1.9,99,6,1,bahaya
23.75,93,1009,1.04,242,1.3,98,6,1,bahaya
28.6,82,1006,0.98,74,2.58,90,6,1,bahaya
28.88,79,1006,1.07,69,2.27,92,6,1,bahaya
28.22,86,1007,0.86,83,1.35,63,6,1,bahaya
29.25,76,1008,1.27,66,1.43,94,6,1,bahaya
28.05,83,1009,1.17,250,1.35,88,6,1,bahaya
29.16,81,1008,1.3,153,2.21,91,6,1,bahaya
28.25,85,1007,1.36,50,2.32,99,6,1,bahaya
26.06,91,1008,0.67,135,2.16,97,6,1,bahaya
27.56,87,1008,0.68,127,1.35,79,6,1,bahaya
28.74,78,1008,1.24,68,1.4,100,6,1,bahaya
28.11,87,1007,0.62,122,1.43,73,6,1,bahaya
25.77,93,1007,0.43,340,2.02,98,6,1,bahaya
27.72,87,1010,0.83,93,1.8,16,6,1,bahaya
28.71,79,1007,1.09,67,1.29,100,6,1,bahaya
22.78,99,1010,0.69,241,1.74,96,6,1,bahaya
28.11,85,1007,0.8,125,1.42,75,6,1,bahaya
27.44,87,1009,1.11,71,1.53,99,6,1,bahaya
22.47,98,1008,0.77,232,2.39,100,6,1,bahaya
22.81,97,1008,0.82,240,1.41,98,6,1,bahaya
28.91,83,1006,0.89,121,1.52,69,6,1,bahaya
28.55,86,1007,0.72,113,1.58,57,6,1,bahaya
24.43,96,1007,0.85,323,1.37,95,6,1,bahaya
24.81,94,1009,1.17,19,1.6,99,6,1,bahaya
22.65,97,1008,0.82,235,1.86,100,6,1,bahaya
29.45,73,1008,1.22,56,1.28,100,6,1,bahaya
22.7,99,1009,0.57,235,2.36,96,6,1,bahaya
22.6,97,1008,0.81,235,1.99,100,6,1,bahaya
28.81,83,1006,0.95,118,1.48,70,6,1,bahaya
29.1,79,1010,1.01,69,1.75,37,6,1,bahaya
22.77,99,1009,0.75,236,2.29,100,6,1,bahaya
29.47,75,1008,1.09,62,1.41,81,6,1,bahaya
28.11,86,1007,1.11,148,2.76,100,6,1,bahaya
22.65,99,1009,0.75,239,1.92,98,6,1,bahaya
29.5,73,1008,1.3,52,1.31,100,6,1,bahaya
22.59,97,1008,0.81,234,2.04,100,6,1,bahaya
29.07,79,1008,0.51,193,1.7,99,6,1,bahaya
26.93,88,1010,1.38,287,2.09,98,6,1,bahaya
30.32,75,1009,1.48,354,1.28,90,6,1,bahaya
29.2,76,1006,1.07,66,1.56,97,6,1,bahaya
23.25,98,1009,0.39,265,1.97,63,6,1,bahaya
22.93,99,1009,0.75,239,2.05,99,6,1,bahaya
26.74,90,1007,0.81,139,2.35,98,6,1,bahaya
29.28,76,1009,1.12,17,1.41,92,6,1,bahaya
28.74,83,1008,1.46,49,1.9,100,6,1,bahaya
22.74,99,1009,0.74,242,1.67,97,6,1,bahaya
22.62,99,1009,0.63,234,2.41,97,6,1,bahaya
28.2,87,1006,0.86,104,1.33,70,6,1,bahaya
27.53,87,1008,0.61,18,1.46,93,6,1,bahaya
28.28,85,1007,1.11,150,2.76,100,6,1,bahaya
25.02,91,1010,1.27,246,1.32,96,6,1,bahaya
28.69,86,1006,0.68,119,1.51,69,6,1,bahaya
27.89,87,1007,0.96,143,2.54,100,6,1,bahaya
24.22,96,1010,0.24,125,1.48,93,6,1,bahaya
27.03,89,1007,1.02,205,1.56,100,6,1,bahaya
28.97,80,1008,0.59,196,1.74,99,6,1,bahaya
29.39,79,1007,0.69,178,1.87,86,6,1,bahaya
28.72,81,1006,1.0,74,2.49,90,6,1,bahaya
25.09,94,1010,0.88,20,1.46,96,6,1,bahaya
29.35,77,1009,0.49,192,1.59,98,6,1,bahaya
22.67,99,1009,0.75,239,1.85,97,6,1,bahaya
29.67,79,1008,1.36,154,1.77,85,6,1,bahaya
27.62,87,1006,1.29,120,1.32,56,6,1,bahaya
27.87,88,1007,0.67,141,2.08,100,6,1,bahaya
28.22,87,1006,0.86,105,1.34,70,6,1,bahaya
26.3,91,1007,0.45,121,1.53,81,6,1,bahaya
27.71,89,1007,0.57,138,1.93,100,6,1,bahaya
26.57,91,1007,1.32,210,1.76,98,6,1,bahaya
28.6,82,1009,1.4,37,1.7,100,6,1,bahaya
27.86,86,1007,1.3,110,1.48,39,6,1,bahaya
28.53,82,1010,0.93,79,1.78,28,6,1,bahaya
26.65,91,1007,1.02,213,1.77,92,6,1,bahaya
29.63,80,1007,1.09,164,1.77,81,6,1,bahaya
27.8,84,1009,0.9,19,1.45,96,6,1,bahaya
27.41,87,1009,1.08,73,1.42,100,6,1,bahaya
27.38,88,1008,0.84,140,2.18,95,6,1,bahaya
22.95,99,1009,0.72,238,2.17,99,6,1,bahaya
26.28,91,1009,0.58,21,1.3,91,6,1,bahaya
22.88,98,1010,0.63,257,1.44,99,6,1,bahaya
27.37,85,1007,0.8,247,1.43,87,6,1,bahaya
27.25,88,1008,0.58,18,1.42,92,6,1,bahaya
22.79,98,1009,0.78,241,1.51,97,6,1,bahaya
22.68,99,1009,0.59,235,2.37,96,6,1,bahaya
24.56,93,1009,1.1,324,1.45,97,6,1,bahaya
24.4,95,1008,0.9,224,2.23,96,6,1,bahaya
28.42,84,1006,1.25,119,1.43,59,6,1,bahaya
22.89,99,1009,0.67,250,1.73,100,6,1,bahaya
28.84,83,1006,0.13,345,1.74,98,6,1,bahaya
28.48,84,1008,1.21,152,2.79,98,6,1,bahaya
29.07,77,1007,1.32,63,1.55,99,6,1,bahaya
26.37,91,1010,0.44,132,1.25,87,6,1,bahaya
22.84,99,1009,0.63,259,1.5,100,6,1,bahaya
28.66,79,1010,1.15,19,1.42,97,6,1,bahaya
22.44,99,1009,0.76,232,2.47,99,6,1,bahaya
27.26,87,1009,0.81,58,2.14,100,6,1,bahaya
22.96,99,1009,0.75,239,2.11,99,6,1,bahaya
29.73,77,1008,1.31,357,1.54,91,6,1,bahaya
24.9,92,1011,1.1,245,1.75,95,6,1,bahaya
22.48,99,1009,0.76,233,2.38,99,6,1,bahaya
26.36,93,1006,0.72,336,1.38,91,6,1,bahaya
24.27,96,1010,0.25,125,1.47,93,6,1,bahaya
28.09,86,1006,1.33,118,1.38,53,6,1,bahaya
28.96,77,1007,1.03,63,1.39,100,6,1,bahaya
27.69,89,1007,0.52,138,1.85,100,6,1,bahaya
25.76,92,1010,0.63,20,1.33,92,6,1,bahaya
28.37,83,1010,0.91,81,1.78,25,6,1,bahaya
30.0,77,1008,0.96,348,1.34,93,6,1,bahaya
28.92,79,1006,1.03,71,2.1,93,6,1,bahaya
23.28,95,1008,0.96,240,1.29,99,6,1,bahaya
25.61,91,1010,1.2,292,1.88,98,6,1,bahaya
27.0,89,1010,0.6,136,1.24,85,6,1,bahaya
27.79,85,1007,0.81,201,1.65,100,6,1,bahaya
28.2,85,1007,1.14,149,2.81,100,6,1,bahaya
29.2,79,1008,1.04,66,2.13,66,6,1,bahaya
28.62,84,1007,1.08,158,2.64,94,6,1,bahaya
29.35,80,1007,0.72,177,1.92,85,6,1,bahaya
29.29,75,1007,1.19,65,1.31,100,6,1,bahaya
29.42,81,1007,0.94,168,1.92,81,6,1,bahaya
22.48,99,1009,0.76,232,2.49,100,6,1,bahaya
25.76,92,1008,0.5,123,1.53,85,6,1,bahaya
28.17,82,1009,1.17,70,1.41,100,6,1,bahaya
26.75,87,1011,1.46,251,1.35,93,6,1,bahaya
29.71,77,1007,0.62,199,1.55,97,6,1,bahaya
22.95,98,1008,0.77,239,2.05,100,6,1,bahaya
28.06,86,1007,1.07,145,2.6,98,6,1,bahaya
25.3,92,1008,0.57,317,1.43,99,6,1,bahaya
22.82,97,1008,0.83,240,1.38,98,6,1,bahaya
22.83,96,1008,0.83,238,1.42,99,6,1,bahaya
22.78,99,1010,0.69,241,1.74,96,6,1,bahaya
29.11,78,1008,1.39,59,1.57,100,6,1,bahaya
24.53,93,1010,1.04,255,1.4,97,6,1,bahaya
29.88,78,1008,1.39,154,1.59,83,6,1,bahaya
28.78,83,1006,0.27,337,1.38,97,6,1,bahaya
26.99,87,1010,1.15,270,1.59,98,6,1,bahaya
27.5,87,1007,1.09,340,1.24,90,6,1,bahaya
28.03,86,1009,0.87,100,1.74,28,6,1,bahaya
26.07,92,1007,1.02,218,1.98,94,6,1,bahaya
27.26,87,1010,1.41,285,2.14,98,6,1,bahaya
29.03,81,1007,0.64,185,1.9,91,6,1,bahaya
27.74,86,1006,0.79,122,1.52,75,6,1,bahaya
23.29,95,1008,0.96,240,1.29,99,6,1,bahaya
29.88,75,1008,0.34,190,1.46,97,6,1,bahaya
29.01,80,1007,0.96,250,1.35,85,6,1,bahaya
26.89,88,1010,1.37,288,2.09,98,6,1,bahaya
27.4,88,1007,1.35,209,1.74,98,6,1,bahaya
29.49,77,1009,1.61,350,1.28,90,6,1,bahaya
29.58,76,1009,0.66,195,1.52,98,6,1,bahaya
28.81,85,1006,0.75,119,1.52,69,6,1,bahaya
23.38,97,1010,0.76,257,1.43,99,6,1,bahaya
22.74,96,1008,0.85,237,1.57,100,6,1,bahaya
28.48,86,1007,0.73,111,1.6,54,6,1,bahaya
29.03,80,1008,0.64,197,1.72,99,6,1,bahaya
26.89,90,1009,0.65,136,1.73,91,6,1,bahaya
22.68,99,1009,0.59,235,2.37,96,6,1,bahaya
24.8,91,1010,1.23,246,1.32,97,6,1,bahaya
26.93,90,1009,0.49,128,1.28,82,6,1,bahaya
22.79,99,1010,0.59,239,2.05,95,6,1,bahaya
26.58,89,1010,1.32,288,2.03,98,6,1,bahaya
29.94,73,1009,1.06,17,1.36,91,6,1,bahaya
27.09,90,1008,0.41,134,1.49,94,6,1,bahaya
29.26,79,1008,1.04,66,2.07,64,6,1,bahaya
29.52,76,1008,1.09,61,1.5,71,6,1,bahaya
23.06,98,1009,0.87,303,1.48,99,6,1,bahaya
28.02,85,1010,0.87,87,1.8,19,6,1,bahaya
28.81,82,1007,0.8,357,1.89,94,6,1,bahaya
28.35,81,1008,1.09,68,1.32,100,6,1,bahaya
22.89,99,1009,0.75,240,1.93,98,6,1,bahaya
29.61,77,1009,1.07,60,1.72,47,6,1,bahaya
27.72,87,1007,0.97,143,2.48,98,6,1,bahaya
22.77,99,1010,0.73,244,1.58,97,6,1,bahaya
26.61,87,1008,0.76,206,1.63,95,6,1,bahaya
27.02,88,1010,0.78,64,1.96,100,6,1,bahaya
23.08,98,1008,0.84,307,1.42,99,6,1,bahaya
28.67,83,1006,1.13,120,1.47,64,6,1,bahaya
27.4,88,1007,1.35,209,1.74,98,6,1,bahaya
28.11,82,1009,1.16,71,1.41,100,6,1,bahaya
22.74,99,1009,0.88,310,1.48,100,6,1,bahaya
27.49,87,1009,0.87,143,2.17,94,6,1,bahaya
22.53,98,1008,0.79,233,2.2,100,6,1,bahaya
26.17,92,1007,1.15,209,1.5,99,6,1,bahaya
23.18,98,1008,0.79,308,1.51,99,6,1,bahaya
28.77,80,1007,1.37,57,1.91,99,6,1,bahaya
27.31,88,1007,1.37,210,1.75,98,6,1,bahaya
26.41,88,1011,1.52,252,1.35,95,6,1,bahaya
22.48,99,1009,0.72,232,2.49,99,6,1,bahaya
27.55,86,1009,1.1,73,1.42,100,6,1,bahaya
27.74,89,1006,0.76,95,1.23,69,6,1,bahaya
27.09,88,1009,0.75,59,2.22,99,6,1,bahaya
22.68,99,1009,0.76,235,2.35,100,6,1,bahaya
24.95,92,1011,1.21,248,1.45,95,6,1,bahaya
29.09,77,1006,1.06,68,1.77,96,6,1,bahaya
28.7,81,1006,1.01,74,2.52,90,6,1,bahaya
26.44,91,1008,0.79,18,1.51,95,6,1,bahaya
29.44,73,1008,1.3,54,1.33,100,6,1,bahaya
30.32,72,1008,1.11,17,1.37,91,6,1,bahaya
29.26,75,1007,1.23,65,1.34,100,6,1,bahaya
24.24,94,1010,1.05,246,1.49,96,6,1,bahaya
29.04,81,1007,0.65,184,1.91,91,6,1,bahaya
29.31,75,1006,1.09,64,1.34,99,6,1,bahaya
29.3,74,1008,1.29,61,1.36,100,6,1,bahaya
22.55,99,1009,0.67,233,2.45,98,6,1,bahaya
22.92,99,1009,0.75,240,2.0,99,6,1,bahaya
25.75,92,1009,0.92,19,1.55,96,6,1,bahaya
28.72,79,1009,1.54,347,1.32,91,6,1,bahaya
27.98,86,1006,0.43,336,1.33,95,6,1,bahaya
28.93,77,1008,1.26,67,1.39,100,6,1,bahaya
24.95,94,1010,1.18,20,1.59,100,6,1,bahaya
25.85,92,1008,0.63,134,2.11,97,6,1,bahaya
28.06,87,1007,0.87,145,2.39,100,6,1,bahaya
30.14,76,1007,0.14,190,1.52,95,6,1,bahaya
27.9,88,1007,0.7,142,2.12,100,6,1,bahaya
24.8,95,1008,0.77,211,1.71,92,6,1,bahaya
28.68,83,1007,1.05,159,2.59,93,6,1,bahaya
29.71,75,1009,0.46,190,1.46,97,6,1,bahaya
28.94,81,1008,0.97,257,1.44,88,6,1,bahaya
24.49,96,1009,0.35,127,1.74,95,6,1,bahaya
27.23,87,1010,1.4,284,2.15,98,6,1,bahaya
23.39,97,1009,0.81,269,1.85,99,6,1,bahaya
29.66,78,1007,0.26,193,1.59,98,6,1,bahaya
23.11,98,1010,0.6,238,2.22,95,6,1,bahaya
26.9,88,1009,0.65,61,2.2,100,6,1,bahaya
29.43,74,1007,1.2,58,1.27,100,6,1,bahaya
24.4,95,1008,0.9,224,2.23,96,6,1,bahaya
28.97,82,1008,1.53,49,1.84,100,6,1,bahaya
22.56,99,1009,0.7,226,2.31,98,6,1,bahaya
22.81,98,1009,0.59,237,2.09,96,6,1,bahaya
22.48,99,1009,0.74,229,2.44,99,6,1,bahaya
28.5,82,1007,0.7,198,1.77,99,6,1,bahaya
29.07,78,1009,0.61,193,1.47,98,6,1,bahaya
28.97,83,1006,0.97,121,1.52,69,6,1,bahaya
27.7,86,1007,0.84,201,1.64,100,6,1,bahaya
27.8,85,1007,0.81,201,1.65,100,6,1,bahaya
28.48,84,1007,1.43,49,2.26,99,6,1,bahaya
27.41,86,1009,0.79,62,2.02,100,6,1,bahaya
25.88,93,1008,0.31,131,1.62,97,6,1,bahaya
28.48,84,1006,1.22,120,1.44,60,6,1,bahaya
25.3,94,1010,0.81,20,1.42,94,6,1,bahaya
29.42,79,1008,0.67,179,1.83,87,6,1,bahaya
22.57,99,1009,0.75,236,2.12,98,6,1,bahaya
22.95,98,1008,0.77,239,2.01,100,6,1,bahaya
22.81,99,1009,0.74,242,1.69,97,6,1,bahaya
27.74,89,1007,0.52,139,1.86,100,6,1,bahaya
27.95,86,1007,1.06,145,2.68,100,6,1,bahaya
27.76,86,1007,1.15,341,1.24,90,6,1,bahaya
28.19,83,1007,0.9,71,2.48,92,6,1,bahaya
22.84,99,1009,0.74,241,1.79,98,6,1,bahaya
27.03,91,1006,0.42,347,1.88,95,6,1,bahaya
30.2,76,1007,0.1,192,1.47,97,6,1,bahaya
28.58,83,1007,1.42,49,2.17,99,6,1,bahaya
24.24,95,1009,0.85,272,1.85,99,6,1,bahaya
25.8,91,1010,1.25,294,1.94,98,6,1,bahaya
28.44,84,1007,1.44,49,2.3,99,6,1,bahaya
25.38,95,1006,0.83,328,1.29,92,6,1,bahaya
27.92,85,1007,0.3,333,1.44,99,6,1,bahaya
29.55,77,1009,0.58,184,1.66,92,6,1,bahaya
22.84,98,1010,0.76,243,1.59,96,6,1,bahaya
27.1,88,1009,0.74,59,2.17,100,6,1,bahaya
22.72,99,1009,0.89,312,1.5,100,6,1,bahaya
27.85,89,1006,0.76,97,1.26,69,6,1,bahaya
29.13,77,1006,1.06,67,1.7,96,6,1,bahaya
25.58,90,1011,1.34,249,1.41,95,6,1,bahaya
22.8,96,1008,0.87,238,1.4,100,6,1,bahaya
27.62,87,1007,1.31,209,1.73,98,6,1,bahaya
22.52,99,1009,0.75,235,2.27,99,6,1,bahaya
28.74,83,1008,1.41,43,1.81,98,6,1,bahaya
29.03,80,1007,0.95,250,1.35,85,6,1,bahaya
28.19,85,1007,1.14,149,2.8,100,6,1,bahaya
22.56,98,1008,0.8,234,2.12,100,6,1,bahaya
26.48,89,1010,1.28,282,2.11,98,6,1,bahaya
22.81,99,1009,0.75,236,2.26,100,6,1,bahaya
26.7,90,1007,1.17,208,1.5,99,6,1,bahaya
27.67,88,1006,0.17,357,2.32,97,6,1,bahaya
23.27,97,1009,0.74,272,1.91,99,6,1,bahaya
26.84,91,1006,0.67,334,1.27,92,6,1,bahaya
28.69,81,1006,0.99,74,2.55,90,6,1,bahaya
28.07,85,1010,0.88,87,1.8,20,6,1,bahaya
29.38,76,1009,1.14,18,1.4,94,6,1,bahaya
27.94,87,1007,0.74,143,2.2,100,6,1,bahaya
29.17,76,1008,1.32,64,1.44,100,6,1,bahaya
27.56,86,1009,1.06,74,1.63,98,6,1,bahaya
27.74,84,1008,0.8,62,1.87,100,6,1,bahaya
22.56,99,1009,0.76,233,2.43,100,6,1,bahaya
28.09,83,1008,1.08,70,1.35,100,6,1,bahaya
22.74,99,1009,0.88,310,1.48,100,6,1,bahaya
28.71,78,1009,1.13,17,1.44,93,6,1,bahaya
28.27,83,1007,1.04,205,1.56,98,6,1,bahaya
28.35,80,1008,0.92,62,1.63,100,6,1,bahaya
27.67,87,1008,1.08,35,1.6,95,6,1,bahaya
29.1,78,1008,0.89,17,1.41,91,6,1,bahaya
28.96,82,1008,1.12,148,1.37,82,6,1,bahaya
22.96,98,1008,0.76,239,2.11,100,6,1,bahaya
26.94,89,1007,0.85,140,2.4,98,6,1,bahaya
24.48,95,1009,0.31,123,1.54,91,6,1,bahaya
29.4,78,1010,1.05,64,1.74,42,6,1,bahaya
27.14,88,1008,0.97,124,1.28,68,6,1,bahaya
23.63,96,1009,0.93,310,1.42,98,6,1,bahaya
24.15,94,1009,0.57,239,2.11,92,6,1,bahaya
28.67,84,1007,0.84,144,1.58,91,6,1,bahaya
23.47,97,1008,0.36,266,2.05,56,6,1,bahaya
23.81,93,1009,1.05,242,1.3,98,6,1,bahaya
29.0,78,1008,1.36,50,1.78,99,6,1,bahaya
26.81,88,1010,0.75,20,1.33,94,6,1,bahaya
27.51,87,1007,1.19,206,1.77,99,6,1,bahaya
29.39,74,1007,1.13,62,1.24,100,6,1,bahaya
29.18,82,1006,0.12,341,1.57,98,6,1,bahaya
27.58,90,1007,0.41,136,1.69,99,6,1,bahaya
22.89,99,1009,0.64,238,2.22,97,6,1,bahaya
28.62,86,1006,0.83,118,1.49,65,6,1,bahaya
27.64,86,1007,0.33,332,1.44,99,6,1,bahaya
22.96,99,1009,0.75,238,2.16,100,6,1,bahaya
27.82,88,1007,0.8,90,1.25,68,6,1,bahaya
29.81,79,1007,1.37,153,1.58,83,6,1,bahaya
22.91,97,1008,0.81,239,1.78,100,6,1,bahaya
29.46,73,1008,1.25,55,1.29,100,6,1,bahaya
28.85,80,1007,1.36,58,1.81,99,6,1,bahaya
28.35,85,1008,0.88,81,1.38,61,6,1,bahaya
23.6,96,1009,0.94,301,1.56,99,6,1,bahaya
22.51,98,1008,0.78,233,2.27,100,6,1,bahaya
30.44,74,1009,1.7,357,1.27,89,6,1,bahaya
26.74,91,1006,0.93,336,1.23,90,6,1,bahaya
28.69,86,1006,0.77,118,1.5,67,6,1,bahaya
27.47,90,1007,0.41,136,1.63,98,6,1,bahaya
25.8,90,1010,1.18,20,1.55,100,6,1,bahaya
24.65,94,1009,1.08,297,1.73,99,6,1,bahaya
25.25,91,1010,1.25,258,1.55,96,6,1,bahaya
29.69,79,1007,1.35,153,1.66,84,6,1,bahaya
24.11,97,1009,0.27,125,1.64,95,6,1,bahaya
29.17,81,1007,1.26,150,1.96,88,6,1,bahaya
22.55,99,1009,0.75,236,2.17,98,6,1,bahaya
25.37,91,1009,1.05,288,1.53,98,6,1,bahaya
28.85,83,1008,1.51,48,1.89,100,6,1,bahaya
28.36,86,1006,0.65,121,1.47,71,6,1,bahaya
29.47,73,1008,1.25,55,1.29,100,6,1,bahaya
26.45,90,1009,0.56,19,1.27,91,6,1,bahaya
25.29,94,1008,0.28,129,1.6,96,6,1,bahaya
24.5,95,1008,0.9,191,1.02,96,4,1,waspada
30.03,73,1008,0.94,112,1.08,77,6,1,waspada
23.96,97,1010,0.43,82,1.1,99,5,1,waspada
29.65,75,1008,1.21,189,1.09,97,6,1,waspada
26.23,90,1011,1.53,300,1.06,98,6,1,waspada
28.69,82,1008,1.12,156,1.09,100,5,1,waspada
25.3,93,1008,1.03,188,1.01,95,4,1,waspada
26.05,92,1008,0.91,122,1.14,88,6,1,waspada
27.14,86,1011,1.59,302,1.06,97,6,1,waspada
30.41,72,1008,0.71,85,0.98,58,4,1,waspada
27.3,87,1009,1.06,158,0.95,95,4,1,waspada
23.04,95,1009,0.71,249,1.13,71,5,1,waspada
28.95,77,1008,1.05,187,1.05,97,6,1,waspada
24.0,96,1009,0.92,26,0.89,94,4,1,waspada
29.87,72,1005,1.02,78,1.07,100,5,1,waspada
26.57,91,1010,0.85,36,0.92,100,4,1,waspada
23.21,98,1010,0.19,208,0.92,96,4,1,waspada
23.89,97,1010,0.32,275,0.97,95,4,1,waspada
30.22,72,1007,0.81,82,1.01,71,4,1,waspada
29.38,75,1008,0.35,324,1.16,94,6,1,waspada
24.27,96,1009,0.41,85,1.12,100,5,1,waspada
26.91,89,1008,1.16,156,0.92,100,4,1,waspada
24.52,93,1009,0.39,215,0.97,96,4,1,waspada
28.72,80,1009,1.0,158,1.08,94,6,1,waspada
30.45,71,1008,0.7,87,0.97,58,4,1,waspada
23.88,96,1009,0.4,202,0.94,95,4,1,waspada
25.46,88,1009,0.88,246,1.14,82,6,1,waspada
24.12,96,1010,0.74,57,0.99,95,4,1,waspada
28.01,81,1009,1.02,238,1.09,98,5,1,waspada
29.9,75,1008,1.16,184,1.04,96,5,1,waspada
22.64,99,1009,0.64,220,0.95,100,4,1,waspada
28.29,81,1008,1.3,200,1.15,97,5,1,waspada
30.08,72,1005,0.99,86,1.03,100,5,1,waspada
23.18,97,1009,0.73,239,0.87,99,4,1,waspada
29.9,72,1006,0.99,78,1.07,94,5,1,waspada
28.74,82,1008,1.12,156,1.1,100,5,1,waspada
25.17,93,1011,0.81,276,1.0,100,4,1,waspada
25.46,91,1009,0.47,95,1.1,100,6,1,waspada
26.38,87,1008,0.63,83,1.11,100,6,1,waspada
30.38,71,1005,0.94,97,0.97,98,4,1,waspada
28.47,80,1008,1.15,223,1.13,98,6,1,waspada
25.86,89,1008,1.03,46,0.94,94,4,1,waspada
24.3,95,1008,0.53,355,0.93,96,4,1,waspada
29.0,77,1009,0.61,86,1.01,65,4,1,waspada
23.2,98,1010,0.2,209,0.92,96,4,1,waspada
30.39,69,1008,1.46,35,0.92,100,4,1,waspada
23.49,97,1009,0.39,114,1.08,72,6,1,waspada
29.76,75,1008,0.99,110,1.12,60,6,1,waspada
29.18,75,1006,0.96,78,1.09,100,6,1,waspada
26.72,85,1009,0.26,317,1.11,90,6,1,waspada
30.8,70,1008,0.4,327,1.18,95,5,1,waspada
27.88,87,1007,1.22,126,1.16,99,6,1,waspada
27.35,85,1009,0.98,172,1.01,89,5,1,waspada
30.12,73,1008,1.14,184,1.05,97,6,1,waspada
26.73,86,1008,0.67,82,1.11,100,6,1,waspada
23.56,97,1010,0.32,282,0.97,92,4,1,waspada
30.27,70,1007,1.34,47,0.97,100,4,1,waspada
22.94,97,1009,0.73,245,0.99,86,4,1,waspada
30.79,67,1009,0.86,192,0.93,97,4,1,waspada
23.59,95,1009,0.58,257,1.07,82,5,1,waspada
23.01,95,1009,0.75,251,1.12,72,5,1,waspada
26.7,91,1010,0.91,32,0.9,99,4,1,waspada
29.11,76,1008,0.55,337,1.04,83,5,1,waspada
29.54,74,1006,1.03,74,1.07,99,5,1,waspada
27.97,87,1007,1.22,125,1.16,94,6,1,waspada
27.18,86,1008,1.24,191,1.06,95,4,1,waspada
24.05,97,1010,0.61,67,1.04,96,5,1,waspada
23.39,98,1010,0.19,296,1.03,89,5,1,waspada
27.95,87,1007,1.22,132,1.16,99,6,1,waspada
26.66,86,1008,0.67,82,1.11,100,6,1,waspada
22.98,98,1010,0.52,228,0.87,98,4,1,waspada
28.24,85,1007,1.19,139,1.15,99,6,1,waspada
23.86,96,1006,0.67,11,0.93,100,4,1,waspada
23.91,98,1010,0.35,88,1.13,99,6,1,waspada
30.86,69,1008,0.4,328,1.18,95,6,1,waspada
24.03,97,1010,0.56,72,1.05,97,5,1,waspada
26.93,84,1009,0.42,309,1.04,83,4,1,waspada
27.68,84,1008,1.27,195,1.1,96,5,1,waspada
30.39,71,1005,0.9,95,0.97,91,4,1,waspada
24.21,95,1010,0.75,294,1.01,91,4,1,waspada
29.62,74,1008,0.42,333,1.13,96,5,1,waspada
29.88,72,1006,1.0,77,1.07,95,5,1,waspada
24.62,93,1007,0.79,11,0.92,100,4,1,waspada
30.02,72,1008,0.85,115,1.02,100,5,1,waspada
24.05,94,1008,0.77,200,1.08,99,6,1,waspada
28.74,82,1006,1.13,115,1.09,99,5,1,waspada
28.67,82,1007,1.08,122,1.11,99,6,1,waspada
30.03,72,1008,0.85,114,1.02,100,5,1,waspada
24.2,96,1010,0.33,268,0.96,98,4,1,waspada
23.66,96,1009,0.38,114,1.08,73,6,1,waspada
24.43,95,1011,0.37,265,0.96,100,4,1,waspada
31.17,68,1008,0.49,328,1.13,84,6,1,waspada
26.33,91,1008,1.18,178,0.98,95,4,1,waspada
30.45,72,1008,0.68,85,0.97,55,4,1,waspada
26.11,90,1011,1.47,300,1.06,97,6,1,waspada
27.95,79,1008,1.29,35,0.9,96,4,1,waspada
23.57,97,1010,0.32,282,0.97,92,4,1,waspada
28.29,81,1008,1.31,199,1.15,97,5,1,waspada
26.27,92,1009,0.86,27,0.9,100,4,1,waspada
30.04,74,1008,1.18,186,1.07,97,6,1,waspada
24.73,94,1010,0.88,304,1.05,92,6,1,waspada
23.05,96,1009,0.57,269,1.08,77,5,1,waspada
24.59,91,1008,0.72,196,1.06,99,6,1,waspada
23.52,97,1009,0.32,294,0.99,88,4,1,waspada
23.1,98,1009,0.23,207,0.94,96,4,1,waspada
30.28,71,1005,0.96,94,0.99,100,4,1,waspada
22.86,98,1010,0.71,240,0.85,100,4,1,waspada
26.65,89,1011,1.71,298,1.06,100,5,1,waspada
27.79,81,1008,0.55,342,1.01,86,5,1,waspada
25.33,93,1008,1.04,187,1.01,95,4,1,waspada
28.19,80,1010,0.83,162,1.01,85,5,1,waspada
29.9,72,1005,1.02,80,1.06,100,5,1,waspada
24.18,96,1010,0.86,48,0.94,93,4,1,waspada
27.51,83,1009,0.53,86,1.04,75,4,1,waspada
30.29,72,1008,0.5,326,1.09,79,6,1,waspada
23.89,98,1010,0.35,89,1.13,98,6,1,waspada
24.76,91,1008,0.86,200,1.1,99,6,1,waspada
23.34,95,1009,0.65,255,1.11,76,5,1,waspada
23.87,96,1010,0.45,256,0.92,100,4,1,waspada
23.86,95,1010,0.49,260,1.03,88,4,1,waspada
27.71,81,1007,0.79,80,1.1,100,6,1,waspada
23.75,98,1007,0.67,8,0.92,100,4,1,waspada
23.12,99,1009,0.27,325,1.0,89,5,1,waspada
27.31,89,1007,1.21,141,1.05,99,5,1,waspada
23.07,99,1010,0.27,296,1.0,87,4,1,waspada
23.8,97,1008,0.83,19,0.9,96,4,1,waspada
23.61,97,1010,0.52,293,0.99,89,4,1,waspada
30.23,73,1008,0.87,99,1.05,57,5,1,waspada
26.5,91,1008,1.17,172,0.96,96,4,1,waspada
22.52,98,1009,0.51,201,1.04,99,5,1,waspada
28.03,80,1008,0.45,314,1.05,82,5,1,waspada
28.62,79,1008,1.29,197,1.14,97,6,1,waspada
29.84,72,1006,1.04,75,1.08,100,5,1,waspada
26.37,91,1008,1.18,177,0.97,95,4,1,waspada
26.46,91,1008,1.17,173,0.96,96,4,1,waspada
27.43,86,1008,1.17,184,1.01,94,4,1,waspada
29.65,74,1008,0.55,335,1.06,82,5,1,waspada
27.12,90,1007,1.13,125,1.16,95,6,1,waspada
26.93,89,1008,1.16,157,0.92,99,4,1,waspada
28.31,81,1010,1.3,309,1.07,92,6,1,waspada
30.09,71,1006,1.21,59,1.01,100,5,1,waspada
27.43,83,1008,0.76,111,1.1,64,6,1,waspada
27.36,82,1007,1.11,22,0.92,100,4,1,waspada
29.41,76,1008,0.96,110,1.12,61,6,1,waspada
27.36,86,1009,1.04,159,0.95,94,4,1,waspada
26.8,85,1008,0.7,111,1.1,65,6,1,waspada
28.83,80,1008,1.05,157,1.1,96,6,1,waspada
26.02,89,1010,0.62,254,1.02,99,4,1,waspada
24.77,94,1008,0.95,190,1.02,96,4,1,waspada
23.84,98,1009,0.39,76,1.1,100,5,1,waspada
29.85,72,1005,1.03,78,1.07,100,5,1,waspada
28.65,79,1008,1.29,197,1.14,97,6,1,waspada
28.12,81,1009,1.03,238,1.1,98,5,1,waspada
23.81,97,1008,0.83,20,0.9,96,4,1,waspada
27.12,83,1009,0.97,241,1.13,90,6,1,waspada
29.23,76,1009,0.97,172,1.03,90,6,1,waspada
24.34,95,1010,0.34,264,0.96,99,4,1,waspada
26.92,85,1009,0.59,101,1.08,100,6,1,waspada
29.01,78,1008,1.26,194,1.12,97,6,1,waspada
23.82,97,1010,0.47,255,0.92,100,4,1,waspada
25.76,89,1009,1.14,35,0.89,93,4,1,waspada
23.65,96,1009,0.17,310,1.05,85,6,1,waspada
29.63,72,1008,1.33,41,0.95,100,4,1,waspada
29.89,72,1005,1.02,79,1.07,100,5,1,waspada
24.84,94,1009,0.42,92,1.11,100,6,1,waspada
22.53,98,1009,0.51,201,1.04,99,5,1,waspada
27.82,81,1009,0.66,105,1.06,100,6,1,waspada
28.13,86,1007,1.18,124,1.14,99,6,1,waspada
26.02,89,1009,0.52,97,1.09,100,6,1,waspada
23.21,98,1010,0.31,290,0.98,89,4,1,waspada
27.37,82,1008,0.94,60,1.02,100,4,1,waspada
22.97,96,1009,0.74,248,1.05,79,5,1,waspada
29.24,76,1009,0.62,90,0.99,57,4,1,waspada
29.1,74,1007,1.31,29,0.92,100,4,1,waspada
26.97,90,1009,0.92,32,0.9,100,4,1,waspada
29.85,72,1008,1.37,34,0.92,100,4,1,waspada
28.65,77,1008,1.16,49,0.98,100,4,1,waspada
22.92,98,1010,0.62,234,0.86,99,4,1,waspada
23.48,97,1009,0.27,205,0.93,95,4,1,waspada
24.16,94,1009,0.42,114,1.07,75,6,1,waspada
23.2,99,1008,0.44,329,0.93,92,4,1,waspada
24.64,93,1009,0.19,312,1.08,88,6,1,waspada
28.52,83,1007,1.16,145,1.14,99,6,1,waspada
23.03,98,1010,0.45,224,0.88,98,4,1,waspada
28.77,80,1008,1.02,158,1.09,95,6,1,waspada
23.25,94,1009,0.76,252,1.15,71,6,1,waspada
28.25,85,1006,1.19,121,1.13,99,5,1,waspada
25.41,92,1010,1.28,321,1.0,98,5,1,waspada
23.02,95,1009,0.75,251,1.13,72,5,1,waspada
23.85,98,1010,0.35,91,1.12,96,6,1,waspada
30.42,67,1010,0.64,198,0.86,96,4,1,waspada
30.05,73,1008,1.01,110,1.11,62,6,1,waspada
25.52,91,1010,0.53,257,1.0,99,4,1,waspada
24.03,97,1007,0.69,11,0.92,100,4,1,waspada
29.55,74,1008,1.33,34,0.91,100,4,1,waspada
29.25,76,1009,0.62,86,1.0,63,4,1,waspada
27.58,86,1009,1.02,32,0.9,100,4,1,waspada
25.54,93,1008,0.8,22,0.91,100,4,1,waspada
23.68,95,1009,0.55,258,1.06,84,5,1,waspada
23.79,97,1010,0.48,255,0.92,100,4,1,waspada
30.23,70,1007,1.31,50,0.98,100,4,1,waspada
26.88,84,1009,0.33,318,1.07,82,6,1,waspada
28.67,83,1007,1.15,148,1.13,99,6,1,waspada
22.71,98,1008,0.58,200,1.06,99,6,1,waspada
28.68,76,1007,1.26,27,0.92,100,4,1,waspada
26.09,92,1010,0.94,32,0.89,97,4,1,waspada
26.46,91,1009,0.87,29,0.9,100,4,1,waspada
27.1,83,1009,0.34,318,1.07,82,6,1,waspada
23.06,97,1009,0.52,274,1.06,79,4,1,waspada
30.4,72,1008,0.54,324,1.17,96,6,1,waspada
24.81,94,1009,1.07,332,0.97,98,4,1,waspada
26.98,85,1009,0.5,87,1.06,78,5,1,waspada
25.49,91,1008,0.5,90,1.09,100,5,1,waspada
28.49,80,1008,1.12,227,1.13,98,6,1,waspada
26.21,88,1009,0.53,98,1.09,100,6,1,waspada
24.34,96,1010,0.33,265,0.96,99,4,1,waspada
28.18,78,1007,1.2,25,0.92,100,4,1,waspada
26.65,89,1008,1.21,187,1.02,94,4,1,waspada
30.27,71,1005,0.97,101,1.02,86,4,1,waspada
23.46,97,1010,0.33,307,1.05,87,6,1,waspada
24.14,95,1008,0.53,356,0.92,96,4,1,waspada
23.06,97,1009,0.49,276,1.05,80,4,1,waspada
29.3,76,1008,1.29,34,0.91,100,4,1,waspada
27.9,83,1008,1.28,196,1.12,97,5,1,waspada
30.1,72,1005,0.99,87,1.03,100,5,1,waspada
26.52,91,1009,0.88,29,0.9,100,4,1,waspada
23.85,97,1008,0.85,21,0.9,95,4,1,waspada
22.96,96,1009,0.73,247,1.03,82,5,1,waspada
28.33,80,1008,1.18,190,1.12,94,6,1,waspada
23.75,97,1008,0.81,18,0.9,96,4,1,waspada
28.36,80,1010,0.85,162,1.03,86,6,1,waspada
28.0,83,1010,1.38,307,1.07,93,6,1,waspada
26.13,88,1009,0.53,98,1.09,100,6,1,waspada
27.55,82,1008,0.95,190,1.05,98,6,1,waspada
25.23,94,1008,0.74,119,1.12,83,6,1,waspada
26.22,88,1008,0.56,91,1.07,100,5,1,waspada
23.08,98,1009,0.32,292,0.98,87,4,1,waspada
27.67,80,1007,1.14,23,0.92,100,4,1,waspada
30.04,73,1008,0.98,111,1.1,69,6,1,waspada
26.56,91,1010,0.91,32,0.9,99,4,1,waspada
30.37,69,1007,1.4,41,0.94,100,4,1,waspada
30.02,74,1008,1.15,177,1.07,97,6,1,waspada
27.92,87,1007,1.23,131,1.16,99,6,1,waspada
22.89,98,1009,0.72,242,0.91,94,4,1,waspada
24.06,96,1009,0.47,201,0.94,95,4,1,waspada
23.3,98,1010,0.31,288,0.98,90,4,1,waspada
30.54,71,1008,0.55,332,1.08,79,5,1,waspada
28.82,81,1008,1.11,156,1.1,100,5,1,waspada
27.33,86,1008,1.25,192,1.07,96,5,1,waspada
25.4,94,1008,0.79,21,0.91,100,4,1,waspada
29.83,72,1006,1.04,76,1.08,100,5,1,waspada
30.34,71,1005,0.94,100,0.98,100,4,1,waspada
30.07,72,1007,0.89,80,1.04,82,5,1,waspada
23.09,99,1009,0.32,295,0.98,88,4,1,waspada
29.91,72,1006,1.09,71,1.06,100,5,1,waspada
24.13,96,1010,0.33,270,0.96,97,4,1,waspada
24.9,95,1009,0.58,98,1.14,99,6,1,waspada
27.92,82,1010,0.87,166,1.01,86,5,1,waspada
28.51,80,1010,0.91,160,1.05,89,6,1,waspada
30.3,72,1008,0.38,326,1.17,95,6,1,waspada
29.2,76,1009,0.97,172,1.03,90,6,1,waspada
26.11,88,1009,0.9,238,1.0,98,5,1,waspada
28.66,78,1008,0.33,322,1.14,93,6,1,waspada
27.95,82,1010,0.89,161,1.0,88,5,1,waspada
27.14,88,1009,1.09,158,0.94,97,4,1,waspada
28.31,83,1008,1.13,156,1.06,100,5,1,waspada
28.36,82,1008,1.16,168,0.98,98,4,1,waspada
22.94,97,1009,0.73,246,1.0,85,4,1,waspada
26.72,90,1008,1.16,163,0.94,98,4,1,waspada
24.6,95,1009,0.43,86,1.12,100,6,1,waspada
29.99,71,1009,0.93,198,0.97,97,4,1,waspada
26.82,88,1008,1.22,188,1.04,95,4,1,waspada
28.94,78,1008,1.23,33,0.91,100,4,1,waspada
24.16,95,1010,0.39,263,0.99,95,4,1,waspada
26.82,85,1009,0.35,309,1.08,91,4,1,waspada
24.61,95,1009,0.65,196,0.95,95,4,1,waspada
29.88,73,1008,0.86,116,1.03,99,6,1,waspada
27.6,85,1008,1.17,184,1.01,95,4,1,waspada
28.08,81,1010,0.86,162,1.01,87,5,1,waspada
30.88,69,1008,0.41,328,1.17,94,6,1,waspada
23.08,98,1009,0.31,292,0.98,87,4,1,waspada
23.54,98,1010,0.36,105,1.1,81,6,1,waspada
25.97,90,1011,1.41,300,1.06,97,6,1,waspada
28.66,83,1007,1.15,148,1.13,99,6,1,waspada
30.02,73,1008,0.9,114,1.05,87,6,1,waspada
29.36,77,1008,1.16,184,1.04,96,5,1,waspada
28.66,82,1007,1.16,120,1.15,83,6,1,waspada
23.05,96,1009,0.54,271,1.07,78,5,1,waspada
28.57,80,1009,0.93,160,1.06,91,6,1,waspada
25.0,92,1009,0.57,205,1.0,96,4,1,waspada
29.87,72,1006,1.06,74,1.07,100,5,1,waspada
24.95,93,1009,0.43,92,1.11,100,6,1,waspada
26.3,91,1008,1.18,183,0.99,94,4,1,waspada
22.88,98,1009,0.71,241,0.89,96,4,1,waspada
24.64,93,1009,0.41,216,0.97,96,4,1,waspada
28.03,82,1008,1.24,200,1.14,97,5,1,waspada
23.86,94,1008,0.67,197,1.06,99,6,1,waspada
28.9,81,1007,1.12,154,1.12,99,6,1,waspada
23.5,98,1010,0.36,107,1.09,79,6,1,waspada
25.14,93,1011,1.11,296,1.03,94,5,1,waspada
30.11,73,1008,0.97,106,1.1,59,5,1,waspada
23.84,97,1007,0.68,9,0.92,100,4,1,waspada
25.54,90,1009,1.12,35,0.89,93,4,1,waspada
23.47,98,1007,0.58,22,0.96,100,4,1,waspada
29.4,73,1008,1.29,43,0.95,100,4,1,waspada
29.62,75,1008,0.91,117,1.04,99,6,1,waspada
28.89,77,1008,1.05,187,1.05,97,6,1,waspada
30.01,72,1005,1.0,84,1.04,100,5,1,waspada
28.91,78,1010,1.16,313,1.08,89,6,1,waspada
26.02,87,1009,0.29,316,1.07,83,6,1,waspada
28.73,82,1008,1.12,156,1.1,100,5,1,waspada
23.05,96,1009,0.58,268,1.08,77,5,1,waspada
27.89,82,1010,0.88,166,1.01,86,5,1,waspada
26.48,85,1007,1.0,18,0.92,100,4,1,waspada
23.7,97,1008,0.79,16,0.9,96,4,1,waspada
23.85,97,1008,0.85,21,0.9,95,4,1,waspada
28.48,80,1008,1.13,226,1.13,98,6,1,waspada
30.3,72,1008,0.77,83,1.0,66,4,1,waspada
26.44,88,1010,0.69,251,1.04,99,4,1,waspada
23.03,99,1010,0.18,305,1.03,86,5,1,waspada
29.84,73,1006,1.01,80,1.07,100,6,1,waspada
27.52,85,1008,1.26,193,1.09,96,5,1,waspada
26.59,85,1009,0.26,317,1.11,90,6,1,waspada
26.35,89,1011,1.6,304,1.04,99,5,1,waspada
28.34,79,1008,0.55,340,1.02,85,5,1,waspada
24.36,96,1009,0.46,92,1.13,99,6,1,waspada
23.04,99,1009,0.16,312,1.04,86,5,1,waspada
25.85,89,1009,0.61,112,1.09,67,6,1,waspada
24.88,89,1009,0.85,247,1.14,79,6,1,waspada
23.1,98,1009,0.23,207,0.94,96,4,1,waspada
25.92,91,1011,1.42,297,1.04,97,5,1,waspada
30.21,73,1008,0.89,100,1.06,58,5,1,waspada
25.89,88,1009,0.89,238,0.99,98,5,1,waspada
29.72,72,1007,1.38,31,0.92,100,4,1,waspada
23.67,95,1008,0.72,200,1.08,99,6,1,waspada
24.44,94,1009,0.41,109,1.06,69,5,1,waspada
25.92,93,1010,0.73,49,0.97,100,4,1,waspada
27.22,84,1009,0.83,230,1.07,97,5,1,waspada
24.57,93,1009,0.4,215,0.97,96,4,1,waspada
30.45,72,1008,0.69,86,0.98,55,4,1,waspada
24.5,95,1009,0.61,197,0.95,95,4,1,waspada
29.18,72,1010,0.56,200,0.87,96,4,1,waspada
23.96,97,1010,0.43,81,1.1,99,5,1,waspada
22.92,97,1009,0.72,244,0.95,89,4,1,waspada
23.07,98,1009,0.25,206,0.95,96,4,1,waspada
29.98,73,1008,0.37,325,1.17,94,6,1,waspada
23.16,98,1010,0.26,212,0.91,96,4,1,waspada
28.52,80,1008,1.08,233,1.12,98,6,1,waspada
28.71,80,1008,1.17,184,1.03,95,5,1,waspada
26.2,90,1011,1.43,292,1.04,100,5,1,waspada
22.99,97,1008,0.65,198,1.05,99,5,1,waspada
30.97,69,1008,0.43,328,1.16,91,6,1,waspada
28.85,78,1010,0.91,168,1.03,88,6,1,waspada
28.79,80,1008,1.03,157,1.09,95,6,1,waspada
30.26,72,1006,0.98,102,1.02,85,4,1,waspada
23.58,96,1008,0.75,195,1.04,98,5,1,waspada
23.06,97,1009,0.51,274,1.06,79,4,1,waspada
22.75,99,1009,0.67,230,0.9,100,4,1,waspada
23.38,97,1010,0.58,248,0.89,100,4,1,waspada
23.92,97,1008,0.76,348,0.92,97,4,1,waspada
23.44,98,1007,0.68,8,0.92,99,4,1,waspada
23.59,98,1010,0.36,103,1.1,83,6,1,waspada
23.58,98,1010,0.36,103,1.1,83,6,1,waspada
30.67,69,1008,0.94,190,0.96,97,5,1,waspada
30.28,70,1008,1.44,34,0.92,100,4,1,waspada
23.27,99,1008,0.51,349,0.9,95,4,1,waspada
28.32,80,1009,1.1,184,1.1,92,6,1,waspada
25.35,90,1008,0.93,200,1.1,99,6,1,waspada
25.94,88,1009,0.55,114,1.06,82,6,1,waspada
29.93,74,1008,1.01,110,1.12,60,6,1,waspada
23.89,95,1009,0.29,211,0.95,96,4,1,waspada
24.36,96,1009,0.37,87,1.12,96,5,1,waspada
27.48,85,1009,1.01,159,0.96,93,4,1,waspada
29.75,75,1008,1.21,188,1.08,97,6,1,waspada
30.25,73,1008,1.16,181,1.06,97,6,1,waspada
26.09,88,1009,1.16,35,0.89,94,4,1,waspada
30.29,71,1005,0.96,94,0.99,100,4,1,waspada
30.19,72,1006,0.99,104,1.06,76,5,1,waspada
26.16,87,1007,0.97,17,0.92,100,4,1,waspada
26.28,87,1009,0.68,225,1.04,97,5,1,waspada
26.56,91,1007,1.02,123,1.15,91,6,1,waspada
22.96,98,1010,0.69,241,0.86,100,4,1,waspada
23.03,95,1009,0.72,255,1.14,71,5,1,waspada
23.63,95,1009,0.56,258,1.06,83,5,1,waspada
30.06,71,1008,1.41,34,0.92,100,4,1,waspada
30.33,73,1008,1.15,183,1.05,96,6,1,waspada
28.0,82,1008,1.29,197,1.12,97,5,1,waspada
30.45,71,1008,0.71,87,0.97,60,4,1,waspada
26.99,89,1009,1.13,157,0.93,98,4,1,waspada
24.29,95,1007,0.75,9,0.92,100,4,1,waspada
30.2,71,1006,0.9,106,0.99,100,4,1,waspada
23.0,98,1010,0.49,226,0.88,98,4,1,waspada
28.7,80,1009,0.99,158,1.08,94,6,1,waspada
30.05,73,1008,1.01,110,1.11,62,6,1,waspada
30.81,67,1009,0.84,193,0.92,97,4,1,waspada
28.55,78,1006,0.95,63,1.05,100,5,1,waspada
23.33,98,1008,0.56,359,0.89,97,4,1,waspada
30.32,72,1008,0.79,94,1.02,56,4,1,waspada
27.21,89,1008,1.2,145,1.02,99,4,1,waspada
23.02,98,1010,0.46,225,0.88,98,4,1,waspada
22.72,98,1008,0.61,199,1.05,99,5,1,waspada
30.16,72,1006,1.0,105,1.07,73,5,1,waspada
24.47,95,1009,0.95,338,0.95,98,4,1,waspada
29.68,75,1005,1.03,105,1.02,99,4,1,waspada
26.8,84,1009,0.33,318,1.07,82,6,1,waspada
23.07,95,1009,0.62,242,1.1,75,5,1,waspada
23.66,97,1010,0.32,280,0.97,93,4,1,waspada
22.53,98,1009,0.51,201,1.04,99,5,1,waspada
29.23,79,1008,1.12,160,1.11,99,6,1,waspada
26.98,84,1008,0.36,310,1.08,92,5,1,waspada
23.06,98,1010,0.4,221,0.89,97,4,1,waspada
23.19,97,1009,0.23,211,0.94,93,4,1,waspada
23.06,97,1009,0.47,278,1.04,81,4,1,waspada
26.63,86,1007,0.6,92,1.06,100,5,1,waspada
29.13,77,1008,1.26,33,0.91,100,4,1,waspada
23.05,95,1009,0.74,253,1.15,70,5,1,waspada
23.37,97,1010,0.58,248,0.89,100,4,1,waspada
23.15,98,1010,0.27,213,0.91,96,4,1,waspada
23.08,95,1009,0.73,253,1.14,71,5,1,waspada
30.06,72,1008,0.86,113,1.01,100,5,1,waspada
28.46,84,1007,1.17,143,1.14,99,6,1,waspada
30.3,67,1009,0.67,198,0.88,97,4,1,waspada
23.08,98,1010,0.31,292,0.98,88,4,1,waspada
30.14,71,1006,1.25,56,1.0,100,5,1,waspada
25.12,94,1008,0.72,119,1.12,82,6,1,waspada
23.42,98,1007,0.67,7,0.92,99,4,1,waspada
30.13,73,1007,1.0,106,1.08,70,5,1,waspada
23.48,98,1010,0.36,108,1.09,77,6,1,waspada
24.24,96,1010,0.33,267,0.96,98,4,1,waspada
22.58,98,1009,0.48,202,1.03,99,5,1,waspada
25.45,90,1009,1.11,35,0.89,93,4,1,waspada
23.4,97,1009,0.22,207,0.93,96,4,1,waspada
27.34,86,1008,1.25,192,1.07,96,5,1,waspada
29.03,78,1009,0.97,315,1.13,97,6,1,waspada
31.06,69,1008,0.63,327,1.1,79,6,1,waspada
25.12,92,1008,0.55,353,0.94,92,4,1,waspada
27.26,89,1008,1.2,143,1.03,99,4,1,waspada
27.26,83,1008,0.47,343,1.04,96,5,1,waspada
27.0,84,1009,1.22,35,0.9,95,4,1,waspada
29.11,80,1007,1.11,116,1.14,75,6,1,waspada
28.53,81,1008,1.17,184,1.02,95,5,1,waspada
29.45,73,1008,1.3,43,0.95,100,4,1,waspada
24.49,93,1009,0.33,299,1.02,89,4,1,waspada
29.68,75,1008,0.9,117,1.04,99,6,1,waspada
24.27,96,1009,0.37,87,1.12,97,5,1,waspada
27.93,80,1008,0.3,320,1.13,92,6,1,waspada
30.04,73,1008,0.97,111,1.09,70,6,1,waspada
27.52,82,1006,0.89,51,1.02,100,5,1,waspada
27.79,82,1009,0.55,86,1.04,73,4,1,waspada
24.02,97,1009,0.37,88,1.13,99,6,1,waspada
23.77,93,1009,0.58,200,1.03,99,5,1,waspada
30.28,72,1008,0.78,83,1.0,67,4,1,waspada
25.03,91,1009,0.48,218,0.99,96,4,1,waspada
23.9,98,1010,0.35,88,1.13,99,6,1,waspada
27.71,84,1011,1.45,305,1.07,95,6,1,waspada
28.29,80,1010,0.93,171,1.05,88,6,1,waspada
27.57,87,1008,1.14,156,0.99,100,4,1,waspada
30.25,71,1005,0.94,97,0.97,100,4,1,waspada
22.5,98,1009,0.52,201,1.05,99,5,1,waspada
24.09,96,1009,0.95,29,0.89,93,4,1,waspada
23.04,95,1009,0.67,260,1.12,73,5,1,waspada
23.06,99,1010,0.25,298,1.0,87,4,1,waspada
23.35,95,1009,0.65,255,1.1,77,5,1,waspada
23.45,98,1007,0.68,8,0.92,99,4,1,waspada
24.2,97,1007,0.7,12,0.92,100,4,1,waspada
25.65,91,1011,1.27,301,1.06,96,6,1,waspada
29.58,72,1008,1.41,35,0.91,98,4,1,waspada
28.97,77,1009,0.76,111,1.04,100,6,1,waspada
23.91,97,1008,0.88,23,0.9,95,4,1,waspada
29.91,75,1008,1.14,174,1.07,97,6,1,waspada
23.04,95,1009,0.66,261,1.12,73,5,1,waspada
24.95,89,1009,0.6,200,1.0,99,5,1,waspada
30.0,74,1008,1.16,181,1.04,97,5,1,waspada
29.97,73,1008,0.85,116,1.02,99,6,1,waspada
24.44,95,1009,0.39,90,1.12,100,6,1,waspada
28.77,79,1008,1.28,196,1.13,97,6,1,waspada
27.59,89,1007,1.23,126,1.17,98,6,1,waspada
25.09,93,1009,0.46,89,1.1,100,5,1,waspada
30.22,73,1008,0.88,99,1.06,57,5,1,waspada
26.49,86,1008,0.49,346,1.01,96,4,1,waspada
24.07,95,1009,0.41,114,1.07,75,6,1,waspada
23.18,97,1009,0.28,216,0.96,91,4,1,waspada
30.27,72,1006,0.97,102,1.02,86,4,1,waspada
27.77,85,1009,1.05,32,0.91,100,4,1,waspada
30.78,68,1009,0.86,192,0.93,97,4,1,waspada
26.4,87,1008,0.49,346,1.01,96,4,1,waspada
26.7,90,1008,1.17,164,0.94,98,4,1,waspada
30.06,71,1006,1.2,61,1.02,100,5,1,waspada
23.48,97,1010,0.55,250,0.9,100,4,1,waspada
27.25,89,1008,1.2,143,1.03,99,4,1,waspada
26.49,87,1008,0.65,83,1.11,100,6,1,waspada
24.3,96,1009,0.89,342,0.94,97,4,1,waspada
26.95,89,1009,1.14,157,0.93,99,4,1,waspada
22.94,98,1010,0.58,232,0.87,99,4,1,waspada
23.04,95,1009,0.69,258,1.13,72,5,1,waspada
30.09,73,1007,1.01,108,1.1,65,5,1,waspada
27.63,86,1008,1.14,169,1.06,97,5,1,waspada
29.3,75,1009,0.79,115,1.03,97,6,1,waspada
23.14,98,1010,0.29,214,0.91,96,4,1,waspada
24.83,95,1008,0.75,17,0.91,100,4,1,waspada
23.39,98,1008,0.58,358,0.89,97,4,1,waspada
27.42,84,1009,0.86,245,1.08,98,5,1,waspada
27.54,82,1008,0.36,319,1.08,81,6,1,waspada
29.04,77,1009,0.94,170,1.03,89,6,1,waspada
29.22,75,1008,0.44,323,1.09,80,6,1,waspada
24.43,94,1008,0.55,355,0.92,94,4,1,waspada
